name,datetime,tempmax,tempmin,temp,feelslikemax,feelslikemin,feelslike,dew,humidity,precip,precipprob,precipcover,preciptype,snow,snowdepth,windgust,windspeed,winddir,sealevelpressure,cloudcover,visibility,solarradiation,solarenergy,uvindex,severerisk,sunrise,sunset,moonphase,conditions,description,icon,stations
Louisville,2023-01-01,13.4,4.5,8.8,13.4,3.2,8.3,8.1,95.6,0.019,100,4.17,rain,0,0,20.5,9.4,129.2,1016.3,81.5,8.3,31.4,2.8,1,10,2023-01-01T07:59:59,2023-01-01T17:33:28,0.32,"Rain, Partially cloudy",Partly cloudy throughout the day with morning rain.,rain,"KFTK,KLOU,E0797,AU953,KSDF,72423093821,72424013807,72423513810"
Louisville,2023-01-02,17.8,8.2,13.9,17.8,8.2,13.9,12.1,89.2,0.554,100,8.33,rain,0,0,33.5,12.4,142.9,1016.1,82.6,15.1,22.9,2,1,10,2023-01-02T08:00:07,2023-01-02T17:34:17,0.35,"Rain, Partially cloudy",Partly cloudy throughout the day with late afternoon rain.,rain,"KFTK,KLOU,AU953,KSDF,72423093821,72424013807,72423513810"
Louisville,2023-01-03,17.5,15,16.3,17.5,15,16.3,14.7,90.2,62.816,100,66.67,rain,0,0,51.7,32.3,183,1008.3,87.7,13,20.7,1.8,1,10,2023-01-03T08:00:13,2023-01-03T17:35:07,0.39,"Rain, Partially cloudy",Partly cloudy throughout the day with a chance of rain throughout the day.,rain,"KFTK,KLOU,AU953,KSDF,72423093821,72424013807,72423513810"
Louisville,2023-01-04,15.9,5.3,12.8,15.9,2.2,12.2,8.1,74.2,0,0,0,,0,0,49.3,27.2,242.2,1008.6,56.2,16,87.5,7.4,4,10,2023-01-04T08:00:16,2023-01-04T17:35:59,0.42,Partially cloudy,Partly cloudy throughout the day.,partly-cloudy-day,"KFTK,KLOU,E0797,AU953,KSDF,72423093821,72424013807,72423513810"
Louisville,2023-01-05,10.3,1.7,5.5,10.3,-1.5,2.6,-1.1,65.1,0,0,0,,0,0,45.6,30.6,234.2,1016.1,61.4,16,70.3,6.2,4,10,2023-01-05T08:00:18,2023-01-05T17:36:52,0.46,Partially cloudy,Partly cloudy throughout the day.,partly-cloudy-day,"KFTK,KLOU,E0797,AU953,KSDF,72423093821,72424013807,72423513810"
Louisville,2023-01-06,8.1,0,3.8,5.5,-3.3,1.1,-2.4,64.6,0,0,0,,0,0,31.7,21.3,234.9,1022.7,42.5,16,101,8.6,5,10,2023-01-06T08:00:17,2023-01-06T17:37:46,0.5,Partially cloudy,Partly cloudy throughout the day.,partly-cloudy-day,"KFTK,KLOU,AU953,KSDF,72423093821,72424013807,72423513810"
Louisville,2023-01-07,10.9,-0.2,5,10.9,-0.2,4.3,-2,63.1,0,0,0,,0,0,29.5,18.6,20.5,1025.6,49.3,15.8,99,8.5,4,10,2023-01-07T08:00:15,2023-01-07T17:38:41,0.52,Partially cloudy,Partly cloudy throughout the day.,partly-cloudy-day,"KFTK,KLOU,E0797,AU953,KSDF,72423093821,72424013807,72423513810"
Louisville,2023-01-08,6.2,2.8,4.4,6.2,-0.2,2,-0.7,70.2,0.293,100,8.33,rain,0,0,18.4,15.1,1.7,1022.2,100,15.6,37.5,3.2,2,10,2023-01-08T08:00:10,2023-01-08T17:39:38,0.56,"Rain, Overcast",Cloudy skies throughout the day with late afternoon rain.,rain,"KFTK,KLOU,E0797,AU953,KSDF,72423093821,72424013807,72423513810"
Louisville,2023-01-09,8.1,0.4,3.6,8.1,-3.3,1.4,-1.7,69.9,0,0,0,,0,0,14.8,16.5,259.9,1023.2,65.1,15.5,92.2,7.8,4,10,2023-01-09T08:00:03,2023-01-09T17:40:35,0.59,Partially cloudy,Clearing in the afternoon.,partly-cloudy-day,"KFTK,D1289,KLOU,AU953,KSDF,72423093821,72424013807,72423513810"
Louisville,2023-01-10,12.3,0.9,5.9,12.3,-2.1,4.3,-0.1,66.2,0,0,0,,0,0,33.5,18.4,181.6,1015.9,35.2,16,95.9,8.3,4,10,2023-01-10T07:59:54,2023-01-10T17:41:34,0.63,Partially cloudy,Clearing in the afternoon.,partly-cloudy-day,"KFTK,KLOU,E0797,AU953,KSDF,72423093821,72424013807,72423513810"
Louisville,2023-01-11,15.6,4.6,10.3,15.6,3.4,9.5,7.4,82.2,0.006,100,4.17,rain,0,0,27.7,13.2,156.9,1011.6,78.4,15.7,31,2.8,2,10,2023-01-11T07:59:43,2023-01-11T17:42:33,0.66,"Rain, Partially cloudy",Partly cloudy throughout the day with morning rain.,rain,"KFTK,KLOU,AU953,KSDF,72423093821,72424013807,72423513810"
Louisville,2023-01-12,14.7,4.3,11.5,14.7,-0.4,10.6,9.4,86.5,13.023,100,41.67,rain,0,0,66.3,30.1,297.2,1007.6,94.2,14.4,30.9,2.7,2,10,2023-01-12T07:59:30,2023-01-12T17:43:33,0.69,"Rain, Overcast",Cloudy skies throughout the day with rain.,rain,"KFTK,KLOU,AU953,KSDF,72423093821,72424013807,72423513810"
Louisville,2023-01-13,4.5,0.6,2.6,0.2,-4.5,-1.7,-0.5,80.4,0.822,100,29.17,"rain,snow",0.3,0,48.5,24.5,323.2,1019,100,14.3,36,3.1,2,10,2023-01-13T07:59:15,2023-01-13T17:44:35,0.73,"Snow, Rain, Overcast",Cloudy skies throughout the day with rain or snow.,snow,"KFTK,D1289,KLOU,AU953,KSDF,72423093821,72424013807,72423513810"
Louisville,2023-01-14,3.6,-1.7,0.8,0.8,-4.6,-2.3,-5,65.2,0,0,0,"rain,freezingrain,snow",0,0,31.7,17.9,335,1025.1,73,16,69.2,6,4,10,2023-01-14T07:58:58,2023-01-14T17:45:37,0.75,Partially cloudy,Partly cloudy throughout the day.,partly-cloudy-day,"KFTK,D1289,KLOU,AU953,KSDF,72423093821,72424013807,72423513810"
Louisville,2023-01-15,7.8,-3.8,1.3,5.2,-6.5,-0.7,-5,66.3,0,0,0,"rain,snow",0,0,18.4,17.9,127,1023.8,27.8,15.8,103.5,8.9,5,10,2023-01-15T07:58:38,2023-01-15T17:46:39,0.79,Partially cloudy,Partly cloudy throughout the day.,partly-cloudy-day,"KFTK,KLOU,E0797,AU953,KSDF,72423093821,72424013807,72423513810"
Louisville,2023-01-16,12.3,0.3,5.5,12.3,-3,3.7,-0.4,67.6,5.435,100,25,"rain,freezingrain,snow",0,0,37.1,23.1,150.5,1013.1,78.8,15.5,18.2,1.5,1,10,2023-01-16T07:58:17,2023-01-16T17:47:43,0.83,"Snow, Rain, Freezing Drizzle/Freezing Rain, Partially cloudy",Partly cloudy throughout the day with rain or snow.,rain,"KFTK,KLOU,E0797,AU953,KSDF,72423093821,72424013807,72423513810"
Louisville,2023-01-17,17.5,8.8,13.8,17.5,6.8,13.6,8.1,71,0.577,100,8.33,rain,0,0,47.6,28.3,236.9,1006.7,52.1,16,106,9.2,5,10,2023-01-17T07:57:54,2023-01-17T17:48:47,0.86,"Rain, Partially cloudy",Clearing in the afternoon with early morning rain.,rain,"KFTK,KLOU,E0797,AU953,KSDF,72423093821,72424013807,72423513810"
Louisville,2023-01-18,10.6,3.6,7,10.6,2.4,5.7,3.7,80,3.263,100,25,rain,0,0,38.9,15.7,72.6,1013.4,73,15.1,36.2,3.1,1,10,2023-01-18T07:57:28,2023-01-18T17:49:52,0.89,"Rain, Partially cloudy",Partly cloudy throughout the day with rain.,rain,"KFTK,KLOU,E0797,AU953,KSDF,72423093821,72424013807,72423513810"
Louisville,2023-01-19,17.5,5.9,12.5,17.5,1.7,11.4,6.1,67,11.179,100,20.83,rain,0,0,84.5,52,230.4,1005.4,69.1,15.3,90,7.8,5,10,2023-01-19T07:57:01,2023-01-19T17:50:57,0.93,"Rain, Partially cloudy",Becoming cloudy in the afternoon with early morning rain.,rain,"KFTK,KLOU,E0797,AU953,KSDF,72423093821,72424013807,72423513810"
Louisville,2023-01-20,5.3,1.9,3,0.7,-2.3,-1.2,-2.5,67.4,0.293,100,8.33,rain,0,0,48.8,32.5,281.3,1020.7,100,15.9,25.4,2.2,1,10,2023-01-20T07:56:31,2023-01-20T17:52:03,0.96,"Rain, Overcast",Cloudy skies throughout the day with early morning rain.,rain,"KFTK,KLOU,AU953,KSDF,72423093821,72424013807,72423513810"
Louisville,2023-01-21,5.9,1.2,2.4,4.3,-1.5,0.7,-3,67.5,0,0,0,,0,0,13,12.2,57.8,1022.9,68.5,16,70.3,6,3,10,2023-01-21T07:56:00,2023-01-21T17:53:09,0,Partially cloudy,Partly cloudy throughout the day.,partly-cloudy-day,"KFTK,KLOU,E0797,AU953,KSDF,72423093821,72424013807,72423513810"
Louisville,2023-01-22,3.1,0.3,1.9,2.8,-1.4,0.4,0.2,88.5,10.408,100,37.5,"rain,snow",6.6,0.7,18.4,14.1,320.8,1011.3,99.4,10.3,29,2.4,2,10,2023-01-22T07:55:27,2023-01-22T17:54:16,0.03,"Snow, Rain, Overcast",Cloudy skies throughout the day with a chance of rain or snow throughout the day.,snow,"KFTK,KLOU,AU953,KSDF,72423093821,72424013807,72423513810"
Louisville,2023-01-23,3.6,-0.2,2,1.2,-2.8,-1.4,-1.3,79.8,0.006,100,4.17,rain,0,0,35.3,22.2,273.8,1020.4,85,15.3,55.3,4.8,2,10,2023-01-23T07:54:52,2023-01-23T17:55:23,0.06,"Rain, Partially cloudy",Partly cloudy throughout the day with afternoon rain.,rain,"KFTK,D1289,KLOU,AU953,KSDF,72423093821,72424013807,72423513810"
Louisville,2023-01-24,8.9,-2.2,3.3,8.4,-5.9,1.3,-1.7,72.3,0,0,0,,0,0,27.7,12.8,135.8,1023.9,50,15.8,98.9,8.6,5,10,2023-01-24T07:54:15,2023-01-24T17:56:30,0.1,Partially cloudy,Partly cloudy throughout the day.,partly-cloudy-day,"KFTK,KLOU,AU953,KSDF,72423093821,72424013807,72423513810"
Louisville,2023-01-25,8.6,2.8,4.5,5.1,-1.9,0.4,2.5,87.2,12.509,100,62.5,rain,0,0,64.6,36.2,225.5,1006.6,100,14,22.5,2.1,1,10,2023-01-25T07:53:36,2023-01-25T17:57:38,0.13,"Rain, Overcast",Cloudy skies throughout the day with a chance of rain throughout the day.,rain,"KFTK,KLOU,AU953,KSDF,72423093821,72424013807,72423513810"
Louisville,2023-01-26,2.8,0,1.3,-1.6,-5.3,-3.6,-2.8,74.5,0.157,100,4.17,"rain,snow",0.8,0,50,29.6,255.7,1017.1,99.2,14.9,32.9,2.9,2,10,2023-01-26T07:52:55,2023-01-26T17:58:45,0.16,"Snow, Rain, Overcast",Cloudy skies throughout the day with morning rain or snow.,snow,"KFTK,KLOU,E0797,AU953,KSDF,72423093821,72424013807,72423513810"
Louisville,2023-01-27,10.9,-4.7,3.3,10.9,-9.5,-0.2,-4.7,58.4,0,0,0,,0,0,57.9,34.6,205.2,1019.8,48.2,16,114.7,10,5,10,2023-01-27T07:52:12,2023-01-27T17:59:53,0.2,Partially cloudy,Partly cloudy throughout the day.,partly-cloudy-day,"KFTK,KLOU,AU953,KSDF,72423093821,72424013807,72423513810"
Louisville,2023-01-28,14.5,3.7,9.5,14.5,1.1,8.2,-2.8,43.4,0,0,0,,0,0,47.9,25.9,198.3,1022.1,60.5,16,98.1,8.5,5,10,2023-01-28T07:51:28,2023-01-28T18:01:02,0.25,Partially cloudy,Becoming cloudy in the afternoon.,partly-cloudy-day,"KFTK,KLOU,AU953,KSDF,72423093821,72424013807,72423513810"
Louisville,2023-01-29,10.3,4.8,7.8,10.3,1.8,5.8,5.9,89,3.527,100,50,rain,0,0,52.3,27.6,193.9,1020.2,100,10.8,24.3,2.1,1,10,2023-01-29T07:50:42,2023-01-29T18:02:10,0.26,"Rain, Overcast",Cloudy skies throughout the day with rain.,rain,"KFTK,KLOU,AU953,KSDF,72423093821,72424013807,72423513810"
Louisville,2023-01-30,4.2,-0.9,1.8,3.1,-6.3,-1.7,0.8,92.8,2.46,100,12.5,"rain,snow,ice",1.2,0.1,25.9,19.5,351.1,1023.8,100,7.1,18.5,1.6,1,10,2023-01-30T07:49:54,2023-01-30T18:03:18,0.3,"Snow, Rain, Ice, Overcast",Cloudy skies throughout the day with late afternoon rain or snow.,snow,"KFTK,D1289,KLOU,AU953,KSDF,72423093821,72424013807,72423513810"
Louisville,2023-01-31,-1.4,-4.1,-2.8,-5.6,-9.6,-7.3,-4.8,85.9,2.494,100,25,"rain,snow,ice",2.5,1.7,25.9,18.6,353.2,1027.3,98.8,12.8,41.5,3.4,2,10,2023-01-31T07:49:04,2023-01-31T18:04:27,0.33,"Snow, Rain, Ice, Overcast",Cloudy skies throughout the day with early morning snow or rain.,snow,"KFTK,KLOU,AU953,KSDF,72423093821,72424013807,72423513810"
Louisville,2023-02-01,0.9,-6.1,-2.4,0.9,-10.7,-4.5,-7.5,68.6,0,0,0,,0,0,16.6,12.2,350.8,1028.8,55.6,15.9,124.7,10.7,5,10,2023-02-01T07:48:13,2023-02-01T18:05:35,0.36,Partially cloudy,Partly cloudy throughout the day.,partly-cloudy-day,"KFTK,KLOU,AU953,KSDF,72423093821,72424013807,72423513810"
Louisville,2023-02-02,3.1,-3,0,0.3,-5.6,-2.4,-5.4,68.2,0,0,0,,0,0,22.3,12.8,241.5,1024.5,48.9,16,81,6.9,3,10,2023-02-02T07:47:20,2023-02-02T18:06:44,0.4,Partially cloudy,Partly cloudy throughout the day.,partly-cloudy-day,"KFTK,KLOU,AU953,KSDF,72423093821,72424013807,72423513810"
Louisville,2023-02-03,-0.6,-6.1,-3.1,-3.2,-12.8,-7.5,-12.5,49.4,0,0,0,,0,0,40.7,22.4,337.4,1031.8,8.9,16,132.6,11.4,5,10,2023-02-03T07:46:26,2023-02-03T18:07:52,0.43,Clear,Clear conditions throughout the day.,clear-day,"KFTK,D1289,KLOU,AU953,KSDF,72423093821,72424013807,72423513810"
Louisville,2023-02-04,9.7,-7.2,0.9,6.8,-12.5,-2.6,-9.2,49.2,0,0,0,,0,0,40.7,26.9,186.3,1029.8,32.4,16,121.3,10.5,5,10,2023-02-04T07:45:29,2023-02-04T18:09:00,0.46,Partially cloudy,Partly cloudy throughout the day.,partly-cloudy-day,"KFTK,KLOU,AU953,KSDF,72423093821,72424013807,72423513810"
Louisville,2023-02-05,12.8,6.4,9,12.8,2.9,7.1,-0.9,50.4,0,0,0,,0,0,49.2,31.6,219.2,1019.2,47.6,16,83.5,7.4,3,10,2023-02-05T07:44:32,2023-02-05T18:10:09,0.5,Partially cloudy,Partly cloudy throughout the day.,partly-cloudy-day,"KFTK,D1289,KLOU,AU953,KSDF,72423093821,72424013807,72423513810"
Louisville,2023-02-06,12.8,-0.7,6.7,12.8,-0.9,5.6,-1.1,60.4,0,0,0,,0,0,18.4,15.6,116.3,1022.4,30,15.9,133.1,11.4,5,10,2023-02-06T07:43:33,2023-02-06T18:11:17,0.53,Partially cloudy,Partly cloudy throughout the day.,partly-cloudy-day,"KFTK,KLOU,AU953,KSDF,72423093821,72424013807,72423513810"
Louisville,2023-02-07,17.6,6.2,12.1,17.6,4.2,11.7,4.1,59.7,1.311,100,12.5,rain,0,0,46.8,27.7,210.2,1019.8,84.3,15.1,55.3,4.7,3,10,2023-02-07T07:42:32,2023-02-07T18:12:25,0.57,"Rain, Partially cloudy",Partly cloudy throughout the day with late afternoon rain.,rain,"KFTK,KLOU,AU953,KSDF,72423093821,72424013807,72423513810"
Louisville,2023-02-08,13.1,7.3,10.5,13.1,5.5,9.9,7,79,0.979,100,20.83,rain,0,0,27.7,13.9,64.5,1022.4,99.6,15.8,54.6,4.7,3,10,2023-02-08T07:41:30,2023-02-08T18:13:32,0.6,"Rain, Overcast",Cloudy skies throughout the day with rain.,rain,"KFTK,KLOU,AU953,KSDF,72423093821,72424013807,72423513810"
Louisville,2023-02-09,18.1,7.5,14,18.1,4.1,13.2,8.5,70.2,2.802,100,29.17,rain,0,0,76.4,47.3,214.7,1011.1,89.2,15.7,84.1,7.3,5,10,2023-02-09T07:40:27,2023-02-09T18:14:40,0.64,"Rain, Partially cloudy",Partly cloudy throughout the day with a chance of rain throughout the day.,rain,"KFTK,KLOU,E2323,AU953,KSDF,72423093821,72424013807,72423513810"
Louisville,2023-02-10,7.5,1.4,5.9,5.8,-0.9,3.4,1,70.9,0,0,0,,0,0,33.5,21.3,299.8,1025.2,93.6,16,37.6,3.1,2,10,2023-02-10T07:39:22,2023-02-10T18:15:47,0.67,Overcast,Cloudy skies throughout the day.,cloudy,"KFTK,KLOU,AU953,KSDF,72423093821,72424013807,72423513810"
Louisville,2023-02-11,9.8,-3.2,2.8,7.6,-5.7,0.8,-6.1,58.7,0,0,0,,0,0,18.4,16.4,29.3,1027.3,22.4,13.3,143,12.1,5,10,2023-02-11T07:38:15,2023-02-11T18:16:54,0.7,Partially cloudy,Partly cloudy throughout the day.,partly-cloudy-day,"KFTK,KLOU,AU953,KSDF,72423093821,72424013807,72423513810"
Louisville,2023-02-12,14.1,-1.6,5.7,14.1,-6,3.9,-8.6,40.9,0,0,0,,0,0,35.3,17.8,356.5,1016.3,15.8,16,153.1,13.1,6,10,2023-02-12T07:37:08,2023-02-12T18:18:01,0.74,Clear,Clear conditions throughout the day.,clear-day,"KFTK,KLOU,AU953,KSDF,72423093821,72424013807,72423513810"
Louisville,2023-02-13,16.9,-0.9,7.4,16.9,-3.6,6.7,-4.1,46.2,0,0,0,,0,0,31.7,16.6,241.2,1013.2,16.5,16,148.3,12.6,6,10,2023-02-13T07:35:59,2023-02-13T18:19:08,0.75,Clear,Clear conditions throughout the day.,clear-day,"KFTK,KLOU,AU953,KSDF,72423093821,72424013807,72423513810"
Louisville,2023-02-14,16.4,1.5,9.8,16.4,0.2,9.4,1.5,58.6,0.53,100,12.5,"rain,snow",0,0,48.2,24.9,143.4,1012.2,64.5,16,58.6,5.1,2,10,2023-02-14T07:34:49,2023-02-14T18:20:14,0.81,"Snow, Rain, Partially cloudy",Partly cloudy throughout the day with rain or snow.,rain,"KFTK,KLOU,AU953,KSDF,72423093821,72424013807,72423513810"
Louisville,2023-02-15,23.1,14.4,17.9,23.1,14.4,17.9,8.8,57.3,0,0,0,,0,0,51.6,32.4,205.2,1011.5,45.5,16,138,11.9,5,10,2023-02-15T07:33:38,2023-02-15T18:21:21,0.84,Partially cloudy,Partly cloudy throughout the day.,partly-cloudy-day,"KFTK,KLOU,AU953,KSDF,72423093821,72424013807,72423513810"
Louisville,2023-02-16,17.3,5.9,14.2,17.3,1.4,13.8,12.7,90.2,42.324,100,58.33,rain,0,0,58.3,36.2,187.1,1009.9,94.2,12.6,20.7,1.8,1,10,2023-02-16T07:32:25,2023-02-16T18:22:26,0.88,"Rain, Overcast",Cloudy skies throughout the day with a chance of rain throughout the day.,rain,"KFTK,KLOU,AU953,KSDF,72423093821,72424013807,72423513810"
Louisville,2023-02-17,4.4,-1.4,1.4,0,-4.6,-3.1,-4.3,65.9,0,0,0,,0,0,55,29.1,301.8,1022.4,94.9,15.7,35.3,3.1,1,10,2023-02-17T07:31:12,2023-02-17T18:23:32,0.91,Overcast,Cloudy skies throughout the day.,cloudy,"KFTK,KLOU,AU953,KSDF,72423093821,72424013807,72423513810"
Louisville,2023-02-18,8.6,-5,1.8,7.6,-8.7,-0.9,-6.8,55.6,0,0,0,,0,0,22.3,16.6,183.4,1030.3,21,16,163.8,14.1,6,10,2023-02-18T07:29:57,2023-02-18T18:24:37,0.95,Partially cloudy,Partly cloudy throughout the day.,partly-cloudy-day,"KFTK,KLOU,AU953,KSDF,72423093821,72424013807,72423513810"
Louisville,2023-02-19,15.6,4.7,10.3,15.6,2.1,9.1,-3.4,39.3,0,0,0,,0,0,52.9,31.5,201.8,1017.8,41.2,16,153.9,13.2,6,10,2023-02-19T07:28:41,2023-02-19T18:25:42,0.98,Partially cloudy,Partly cloudy throughout the day.,partly-cloudy-day,"KFTK,KLOU,AU953,KSDF,72423093821,72424013807,72423513810"
Louisville,2023-02-20,16.7,10.1,12.7,16.7,10.1,12.7,5.9,64.3,0.011,100,4.17,rain,0,0,38.9,22.3,207.6,1008.2,61.5,16,108.4,9.4,6,10,2023-02-20T07:27:24,2023-02-20T18:26:47,0,"Rain, Partially cloudy",Partly cloudy throughout the day with morning rain.,rain,"KFTK,KLOU,AU953,KSDF,72423093821,72424013807,72423513810"
Louisville,2023-02-21,14.8,6.5,10.7,14.8,4.2,10,-2,45.6,0,0,0,,0,0,33.5,22.3,264.8,1008.8,45.8,16,163.1,14,6,10,2023-02-21T07:26:07,2023-02-21T18:27:51,0.05,Partially cloudy,Partly cloudy throughout the day.,partly-cloudy-day,"KFTK,KLOU,AU953,KSDF,72423093821,72424013807,72423513810"
Louisville,2023-02-22,24.1,8.1,16.9,24.1,6.1,16.7,10,66.5,11.139,100,33.33,rain,0,0,71.2,43.4,197.2,1005.1,88.4,15.2,78.4,6.8,4,10,2023-02-22T07:24:48,2023-02-22T18:28:55,0.08,"Rain, Partially cloudy",Partly cloudy throughout the day with rain.,rain,"KFTK,D1289,KLOU,AU953,KSDF,72423093821,72424013807,72423513810"
Louisville,2023-02-23,22.5,8.1,17,22.5,4.7,16.9,11.5,72.5,0.103,100,8.33,rain,0,0,51.6,31.2,256,1014.1,63.6,16,124.2,10.6,5,10,2023-02-23T07:23:28,2023-02-23T18:29:59,0.11,"Rain, Partially cloudy",Becoming cloudy in the afternoon with rain.,rain,"KFTK,KLOU,AU953,KSDF,72423093821,72424013807,72423513810"
Louisville,2023-02-24,7.5,-1.1,3.6,5.7,-5.3,0.3,-4.4,56.6,0,0,0,,0,0,47.9,22.6,19.1,1032.3,47.1,16,146.3,12.6,7,10,2023-02-24T07:22:07,2023-02-24T18:31:02,0.14,Partially cloudy,Partly cloudy throughout the day.,partly-cloudy-day,"KFTK,KLOU,AU953,KSDF,72423093821,72424013807,72423513810"
Louisville,2023-02-25,12.8,2.8,7,12.8,-0.4,5.7,-0.3,60.9,0.363,100,4.17,rain,0,0,16.6,13.9,299.2,1023.6,58.2,16,145.8,12.5,6,10,2023-02-25T07:20:46,2023-02-25T18:32:05,0.18,"Rain, Partially cloudy",Clearing in the afternoon with morning rain.,rain,"KFTK,KLOU,AU953,KSDF,72423093821,72424013807,72423513810"
Louisville,2023-02-26,15.6,1.8,8.8,15.6,0,8.4,4.1,74.1,0,0,0,,0,0,18.4,17.4,196.4,1017.2,50.7,15.1,145,12.6,6,10,2023-02-26T07:19:24,2023-02-26T18:33:08,0.21,Partially cloudy,Partly cloudy throughout the day.,partly-cloudy-day,"KFTK,KLOU,AU953,KSDF,72423093821,72424013807,72423513810"
Louisville,2023-02-27,23.4,10.9,16.5,23.4,10.9,16.5,9.9,68.8,2.384,100,20.83,rain,0,0,90,49.2,214.1,999.6,89.1,15.1,77.7,6.8,5,10,2023-02-27T07:18:00,2023-02-27T18:34:10,0.25,"Rain, Partially cloudy",Partly cloudy throughout the day with a chance of rain throughout the day.,rain,"KFTK,KLOU,AU953,KSDF,72423093821,72424013807,72423513810"
Louisville,2023-02-28,17.3,9.4,12.5,17.3,7.5,12.2,5.2,62.3,0,0,0,,0,0,53.9,29.9,321.8,1009.5,33.4,16,182.5,15.8,7,10,2023-02-28T07:16:37,2023-02-28T18:35:12,0.28,Partially cloudy,Clearing in the afternoon.,partly-cloudy-day,"KFTK,KLOU,AU953,KSDF,72423093821,72424013807,72423513810"
Louisville,2023-03-01,27.3,7.4,17.1,26.6,7.1,16.8,7.2,57.4,1.555,100,12.5,rain,0,0,56.6,31.6,198.7,1007.7,43.2,15.9,165.8,14.2,6,10,2023-03-01T07:15:12,2023-03-01T18:36:14,0.31,"Rain, Partially cloudy",Partly cloudy throughout the day with late afternoon rain.,rain,"KFTK,KLOU,AU953,KSDF,72423093821,72424013807,72423513810"
Louisville,2023-03-02,15.6,10,11.9,15.6,10,11.9,3.8,59.3,1.678,100,8.33,rain,0,0,29.5,17,15.9,1010.8,64,15.9,108.7,9.5,5,10,2023-03-02T07:13:47,2023-03-02T18:37:15,0.34,"Rain, Partially cloudy",Partly cloudy throughout the day with early morning rain.,rain,"KFTK,KLOU,AU953,KSDF,72423093821,72424013807,72423513810"
Louisville,2023-03-03,18.4,5,9.7,18.4,-0.5,7.4,6.5,81.8,64.073,100,70.83,rain,0,0,109.4,64.7,214.7,995.8,98.8,11.7,19.8,1.6,2,10,2023-03-03T07:12:21,2023-03-03T18:38:16,0.37,"Rain, Overcast",Cloudy skies throughout the day with a chance of rain throughout the day.,rain,"KFTK,KLOU,E2323,AU953,KSDF,72423093821,72424013807,72423513810"
Louisville,2023-03-04,18,4.7,9.7,18,1.9,8.1,0.8,57.1,0,0,0,,0,0,42.5,25.6,281.3,1014.8,41.8,15.9,179.9,15.5,7,10,2023-03-04T07:10:54,2023-03-04T18:39:17,0.41,Partially cloudy,Partly cloudy throughout the day.,partly-cloudy-day,"KFTK,AU953,KSDF,72423093821,72424013807"
Louisville,2023-03-05,17.2,2.8,10.5,17.2,1.5,10.3,2,58.3,0,0,0,,0,0,14.8,14.7,111.1,1022.3,40.1,16,175.8,15.1,6,10,2023-03-05T07:09:27,2023-03-05T18:40:18,0.44,Partially cloudy,Becoming cloudy in the afternoon.,partly-cloudy-day,"KFTK,E0797,AU953,KSDF,72423093821,72424013807"
Louisville,2023-03-06,25,6.7,16.2,25,4.5,15.7,4.8,49.5,0,0,0,,0,0,55.1,35.1,219.2,1014.6,53.5,16,175.8,15.3,6,10,2023-03-06T07:07:59,2023-03-06T18:41:18,0.47,Partially cloudy,Partly cloudy throughout the day.,partly-cloudy-day,"KFTK,E0797,AU953,KSDF,72423093821,72424013807"
Louisville,2023-03-07,17.7,7,10.5,17.7,3.2,9,2.2,57.2,0,0,0,,0,0,44.4,27.4,8.9,1023,59.2,16,120.3,10.3,6,10,2023-03-07T07:06:31,2023-03-07T18:42:18,0.5,Partially cloudy,Partly cloudy throughout the day.,partly-cloudy-day,"KFTK,D1289,KLOU,AU953,KSDF,72423093821,72424013807,72423513810"
Louisville,2023-03-08,9.8,1.7,5.7,7,-3.8,2.4,-7.9,37.3,0,0,0,,0,0,44.6,26,69.2,1029.7,71.1,16,110.7,9.7,5,10,2023-03-08T07:05:02,2023-03-08T18:43:17,0.54,Partially cloudy,Partly cloudy throughout the day.,partly-cloudy-day,"KFTK,KLOU,E2323,AU953,KSDF,72423093821,72424013807,72423513810"
Louisville,2023-03-09,15.9,3.9,9.4,15.9,0.7,8,-0.7,51.5,1.875,100,12.5,rain,0,0,33.5,19.4,82.9,1021.7,84.7,15.9,162.3,14,7,10,2023-03-09T07:03:32,2023-03-09T18:44:17,0.58,"Rain, Partially cloudy",Partly cloudy throughout the day with late afternoon rain.,rain,"KFTK,KLOU,E0797,AU953,KSDF,72423093821,72424013807,72423513810"
Louisville,2023-03-10,9.7,3.6,6.1,8.4,-0.6,2.5,1.5,73,2.689,100,12.5,rain,0,0,52,30.5,280.8,1016,100,15.1,69.8,5.8,3,10,2023-03-10T07:02:03,2023-03-10T18:45:16,0.61,"Rain, Overcast",Cloudy skies throughout the day with early morning rain.,rain,"KFTK,KLOU,AU953,KSDF,72423093821,72424013807,72423513810"
Louisville,2023-03-11,9.5,3.1,5.9,7.9,0.1,3.4,-1.9,58.5,0,0,0,,0,0,37.1,22.2,59,1016.8,82.3,16,154.3,13.3,7,10,2023-03-11T07:00:32,2023-03-11T18:46:15,0.65,Partially cloudy,Partly cloudy throughout the day.,partly-cloudy-day,"KFTK,KLOU,AU953,KSDF,72423093821,72424013807,72423513810"
Louisville,2023-03-12,5.3,2.3,3.9,3.1,-1.6,1.1,1.2,82.8,2.232,100,20.83,rain,0,0,31.7,19.2,19.4,1010.9,100,14.7,39.4,3.2,2,10,2023-03-12T07:59:02,2023-03-12T19:47:14,0.68,"Rain, Overcast",Cloudy skies throughout the day with early morning rain.,rain,"KFTK,KLOU,AU953,KSDF,72423093821,72424013807,72423513810"
Louisville,2023-03-13,5,0,2.3,5,-5.9,-2,-3.4,66.9,0.294,100,4.17,rain,0,0,40.7,27,290.6,1018.8,99.7,15.7,63.1,5.3,3,10,2023-03-13T07:57:31,2023-03-13T19:48:12,0.72,"Rain, Overcast",Cloudy skies throughout the day with early morning rain.,rain,"KFTK,KLOU,AU953,KSDF,72423093821,72424013807,72423513810"
Louisville,2023-03-14,6.7,-0.9,2.3,4,-5.7,-1.4,-7.6,49.6,0,0,0,,0,0,35.3,21.4,312.8,1026.1,50.3,15.8,196.1,16.9,7,10,2023-03-14T07:56:00,2023-03-14T19:49:10,0.75,Partially cloudy,Partly cloudy throughout the day.,partly-cloudy-day,"KFTK,KLOU,AU953,KSDF,72423093821,72424013807,72423513810"
Louisville,2023-03-15,11.4,-3.8,3.7,11.4,-3.8,3.3,-7.7,47.9,0,0,0,,0,0,13,14.8,134.2,1026.7,14.6,16,212.6,18.4,8,10,2023-03-15T07:54:28,2023-03-15T19:50:08,0.79,Clear,Clear conditions throughout the day.,clear-day,"KFTK,KLOU,AU953,KSDF,72423093821,72424013807,72423513810"
Louisville,2023-03-16,17.8,3.3,10.8,17.8,0.4,9.7,-4.3,35.6,0,0,0,,0,0,44.3,25.6,172.8,1015.9,67.7,16,112.1,9.6,5,10,2023-03-16T07:52:57,2023-03-16T19:51:06,0.82,Partially cloudy,Partly cloudy throughout the day.,partly-cloudy-day,"KFTK,KLOU,E0797,AU953,KSDF,72423093821,72424013807,72423513810"
Louisville,2023-03-17,16.4,1.4,7,16.4,-2.4,4.4,2,72.4,5.611,100,41.67,rain,0,0,61.2,35.6,250.7,1008.9,84.1,15.6,88.6,7.7,5,10,2023-03-17T07:51:25,2023-03-17T19:52:04,0.86,"Rain, Partially cloudy",Partly cloudy throughout the day with rain clearing later.,rain,"KFTK,KLOU,AU953,KSDF,72423093821,72424013807,72423513810"
Louisville,2023-03-18,2.6,-3.6,-0.1,-1.5,-10.4,-5.1,-8.3,54.7,0,0,0,,0,0,49.2,34.4,280.4,1019.5,51.1,16,195,16.9,8,10,2023-03-18T07:49:53,2023-03-18T19:53:01,0.89,Partially cloudy,Partly cloudy throughout the day.,partly-cloudy-day,"KFTK,KLOU,AU953,KSDF,72423093821,72424013807,72423513810"
Louisville,2023-03-19,3.4,-5,-1.6,3.4,-11,-5.3,-11.8,46.8,0,0,0,,0,0,38,20.6,302.7,1028.2,58.8,15.9,219.2,18.7,9,10,2023-03-19T07:48:20,2023-03-19T19:53:59,0.93,Partially cloudy,Partly cloudy throughout the day.,partly-cloudy-day,"KFTK,KLOU,AU953,KSDF,72423093821,72424013807,72423513810"
Louisville,2023-03-20,10.6,-5,2.8,10.6,-9,1.1,-9,45,0,0,0,,0,0,30.5,17.3,194.5,1027.8,9.3,16,220.5,19,8,10,2023-03-20T07:46:48,2023-03-20T19:54:56,0.96,Clear,Clear conditions throughout the day.,clear-day,"KFTK,KLOU,AU953,KSDF,72423093821,72424013807,72423513810"
Louisville,2023-03-21,13.9,-0.2,7.3,13.9,-2.2,6.1,-5.7,41.7,0.151,100,12.5,rain,0,0,55.2,34,173.7,1025.6,65,16,129.4,11,6,10,2023-03-21T07:45:15,2023-03-21T19:55:53,0,"Rain, Partially cloudy",Partly cloudy throughout the day with late afternoon rain.,rain,"KFTK,KLOU,AU953,KSDF,72423093821,72424013807,72423513810"
Louisville,2023-03-22,12.8,7.5,10.1,12.8,5.5,9.1,7.3,82.7,2.917,100,25,rain,0,0,38.9,23.2,170.4,1021,100,13.9,33.5,2.8,1,10,2023-03-22T07:43:43,2023-03-22T19:56:50,0.03,"Rain, Overcast",Cloudy skies throughout the day with rain clearing later.,rain,"KFTK,KLOU,E0797,AU953,KSDF,72423093821,72424013807,72423513810"
Louisville,2023-03-23,21.7,12.6,18.4,21.7,12.6,18.4,13.5,73.4,0.136,100,4.17,rain,0,0,47.4,27.9,205,1014.6,95.8,15.8,72.2,6,3,10,2023-03-23T07:42:10,2023-03-23T19:57:46,0.06,"Rain, Overcast",Cloudy skies throughout the day with early morning rain.,rain,"KFTK,KLOU,AU953,KSDF,72423093821,72424013807,72423513810"
Louisville,2023-03-24,18.8,12.5,15.1,18.8,12.5,15.1,13.4,89.5,34.794,100,79.17,rain,0,0,66.3,26,141.6,1010,96.1,12.2,46.8,4,5,10,2023-03-24T07:40:37,2023-03-24T19:58:43,0.1,"Rain, Overcast",Cloudy skies throughout the day with a chance of rain throughout the day.,rain,"KFTK,KLOU,AU953,KSDF,72423093821,72424013807,72423513810"
Louisville,2023-03-25,16.9,9,13,16.9,8.5,13,7.4,70.8,31.114,100,16.67,rain,0,0,75.3,47.9,257.2,1004.6,65.8,14.2,174.8,15.1,7,10,2023-03-25T07:39:05,2023-03-25T19:59:40,0.13,"Rain, Partially cloudy",Partly cloudy throughout the day with early morning rain.,rain,"KFTK,KLOU,AU953,E0797,KSDF,72423093821,72424013807,72423513810"
Louisville,2023-03-26,20.6,2.9,11.9,20.6,2.9,11.8,3.2,59.8,0,0,0,,0,0,33.5,19.3,123.2,1015.1,16.9,16,222.3,19.1,8,10,2023-03-26T07:37:32,2023-03-26T20:00:36,0.16,Clear,Clear conditions throughout the day.,clear-day,"KFTK,KLOU,AU953,KSDF,72423093821,72424013807,72423513810"
Louisville,2023-03-27,15,7.5,11.8,15,4.5,11.2,4.7,62,0,0,0,,0,0,43,26,321.2,1016.5,78.7,16,125.7,10.8,5,10,2023-03-27T07:36:00,2023-03-27T20:01:33,0.19,Partially cloudy,Partly cloudy throughout the day.,partly-cloudy-day,"KFTK,KLOU,AU953,KSDF,72423093821,72424013807,72423513810"
Louisville,2023-03-28,12,2.6,7.3,12,0.2,6.7,0.4,64.4,0,0,0,,0,0,29.5,16.7,346.9,1023.4,42.4,14.9,177.4,15.3,6,10,2023-03-28T07:34:27,2023-03-28T20:02:29,0.25,Partially cloudy,Partly cloudy throughout the day.,partly-cloudy-day,"KFTK,KLOU,AU953,KSDF,72423093821,72424013807,72423513810"
Louisville,2023-03-29,15.6,0.6,8.1,15.6,0.6,8.1,-2.7,50.4,0,0,0,,0,0,31.7,17.9,279.7,1024.6,13,16,240.7,20.8,8,10,2023-03-29T07:32:55,2023-03-29T20:03:25,0.26,Clear,Clear conditions throughout the day.,clear-day,"KFTK,KLOU,AU953,KSDF,72423093821,72424013807,72423513810"
Louisville,2023-03-30,18.6,3.1,10.8,18.6,0.8,9.8,-1,48.1,0,0,0,,0,0,33.5,23.4,111.4,1023.8,14.1,16,237.1,20.5,8,10,2023-03-30T07:31:23,2023-03-30T20:04:21,0.29,Clear,Clear conditions throughout the day.,clear-day,"KFTK,KLOU,AU953,KSDF,72423093821,72424013807,72423513810"
Louisville,2023-03-31,19.7,10.6,15,19.7,10.6,15,8.5,68.4,14.137,100,54.17,rain,0,0,65.1,38.6,180.8,1012.4,85.4,14.8,58.2,5,3,10,2023-03-31T07:29:51,2023-03-31T20:05:17,0.32,"Rain, Partially cloudy",Partly cloudy throughout the day with a chance of rain throughout the day.,rain,"KFTK,KLOU,AU953,KSDF,72423093821,72424013807,72423513810"
Louisville,2023-04-01,20,6.7,12.9,20,3.4,11.7,4.5,58.6,19.546,100,16.67,rain,0,0,84.2,48.9,256.3,1007.8,69.8,16,150.2,13.1,8,10,2023-04-01T07:28:19,2023-04-01T20:06:14,0.35,"Rain, Partially cloudy",Partly cloudy throughout the day with early morning rain.,rain,"KFTK,KLOU,AU953,KSDF,72423093821,72424013807,72423513810"
Louisville,2023-04-02,16.5,4.7,10,16.5,3.5,9.2,0.2,52.4,0,0,0,,0,0,24.1,18.7,157.4,1018.1,37.3,16,244.6,21.2,8,10,2023-04-02T07:26:48,2023-04-02T20:07:10,0.39,Partially cloudy,Clearing in the afternoon.,partly-cloudy-day,"KFTK,D1289,KLOU,AU953,KSDF,72423093821,72424013807,72423513810"
Louisville,2023-04-03,23.9,9.4,15.2,23.9,8,15.1,5.8,54.2,0.295,100,8.33,rain,0,0,55.9,36,167.6,1011.3,56.4,16,193.9,16.7,8,10,2023-04-03T07:25:17,2023-04-03T20:08:06,0.42,"Rain, Partially cloudy",Partly cloudy throughout the day with morning rain.,rain,"KFTK,D1289,KLOU,AU953,KSDF,72423093821,72424013807,72423513810"
Louisville,2023-04-04,27.6,15.6,20.8,28.2,15.6,20.9,15,70.5,0,0,0,,0,0,46.4,29.3,171.8,1010.3,80.8,15.9,135.2,11.5,6,60,2023-04-04T07:23:46,2023-04-04T20:09:02,0.45,Partially cloudy,Partly cloudy throughout the day.,partly-cloudy-day,"KFTK,D1289,KLOU,AU953,KSDF,72423093821,72424013807,72423513810"
Louisville,2023-04-05,28.1,17,23.4,28.2,17,23.5,16.2,65.5,8.282,100,16.67,rain,0,0,60.1,34.3,190.9,1011.9,74.7,15.4,70.6,6.2,5,30,2023-04-05T07:22:15,2023-04-05T20:09:58,0.48,"Rain, Partially cloudy",Partly cloudy throughout the day with late afternoon rain.,rain,"KFTK,KLOU,AU953,KSDF,72423093821,72424013807,72423513810"
Louisville,2023-04-06,17.3,7.8,10.3,17.3,5.5,9.4,3.3,63.1,0.152,100,8.33,rain,0,0,31.3,19.7,5.4,1026.5,95.2,15.9,62.3,5.4,3,10,2023-04-06T07:20:45,2023-04-06T20:10:54,0.5,"Rain, Overcast",Cloudy skies throughout the day with morning rain.,rain,"KFTK,KLOU,AU953,KSDF,72423093821,72424013807,72423513810"
Louisville,2023-04-07,13.6,6.2,9.5,13.6,3.4,8.6,-1.2,50.7,0,0,0,,0,0,37.1,24.7,47,1030.6,53.5,16,170.8,14.8,8,10,2023-04-07T07:19:16,2023-04-07T20:11:50,0.55,Partially cloudy,Partly cloudy throughout the day.,partly-cloudy-day,"KFTK,KLOU,AU953,KSDF,72423093821,72424013807,72423513810"
Louisville,2023-04-08,15.9,6.5,10.5,15.9,3.2,9.1,-3.7,37.8,0,0,0,,0,0,41.4,27.5,60.5,1027.5,38.9,16,173.5,15.1,8,10,2023-04-08T07:17:46,2023-04-08T20:12:46,0.59,Partially cloudy,Partly cloudy throughout the day.,partly-cloudy-day,"KFTK,KLOU,AU953,E0797,KSDF,72423093821,72424013807,72423513810"
Louisville,2023-04-09,19.5,2.4,12.1,19.5,0.8,11.7,-3.7,35.3,0,0,0,,0,0,38.9,22.1,64.4,1028.7,16.2,16,267,23.1,9,10,2023-04-09T07:16:17,2023-04-09T20:13:42,0.62,Clear,Clear conditions throughout the day.,clear-day,"KFTK,KLOU,E2323,AU953,KSDF,72423093821,72424013807,72423513810"
Louisville,2023-04-10,22.3,4.4,14.3,22.3,3.8,14.2,-0.5,39.9,0,0,0,,0,0,14.8,11.2,39.6,1027.7,30.5,16,249.4,21.6,8,10,2023-04-10T07:14:49,2023-04-10T20:14:38,0.66,Partially cloudy,Partly cloudy throughout the day.,partly-cloudy-day,"KFTK,D1289,KLOU,E2323,AU953,KSDF,72423093821,72424013807,72423513810"
Louisville,2023-04-11,24.6,7.1,16.5,24.6,7.1,16.5,3.7,45.7,0,0,0,,0,0,29.6,13,236.6,1025.3,6.1,16,242.2,21.1,8,10,2023-04-11T07:13:21,2023-04-11T20:15:34,0.7,Clear,Clear conditions throughout the day.,clear-day,"KFTK,KLOU,AU953,KSDF,72423093821,72424013807,72423513810"
Louisville,2023-04-12,25.6,10,18.6,25.6,10,18.6,4.2,41.3,0,0,0,,0,0,50.4,18.7,242.2,1020,17.1,16,262.1,22.5,9,10,2023-04-12T07:11:54,2023-04-12T20:16:31,0.73,Clear,Clear conditions throughout the day.,clear-day,"KFTK,D1289,KLOU,E2323,AU953,KSDF,72423093821,72424013807,72423513810"
Louisville,2023-04-13,27.8,9.8,19.4,26.7,9.8,19.3,5.4,44.2,0,0,0,,0,0,33.5,15.8,83.1,1013.8,24.8,15.8,253.8,21.7,8,10,2023-04-13T07:10:27,2023-04-13T20:17:27,0.75,Partially cloudy,Partly cloudy throughout the day.,partly-cloudy-day,"KFTK,D1289,KLOU,E2323,AU953,KSDF,72423093821,72424013807,72423513810"
Louisville,2023-04-14,26.4,15.9,21.3,26.4,15.9,21.3,10.4,50.4,0,0,0,,0,0,16.6,18.2,163.4,1009.7,65,16,218.5,18.9,9,10,2023-04-14T07:09:01,2023-04-14T20:18:23,0.8,Partially cloudy,Partly cloudy throughout the day.,partly-cloudy-day,"KFTK,KLOU,AU953,KSDF,72423093821,72424013807,72423513810"
Louisville,2023-04-15,26.5,15.3,20.6,26.5,15.3,20.6,11.8,58.9,0,0,0,,0,0,36.7,18.8,187.5,1011.1,29.9,16,225.3,19.5,8,10,2023-04-15T07:07:36,2023-04-15T20:19:19,0.84,Partially cloudy,Becoming cloudy in the afternoon.,partly-cloudy-day,"KFTK,D1289,KLOU,AU953,KSDF,72423093821,72424013807,72423513810"
Louisville,2023-04-16,21.7,9.4,13.8,21.7,7.1,13.6,8,68.8,0.958,100,20.83,rain,0,0,58.6,39,235.2,1009.7,84.4,15.9,83.4,7.1,3,10,2023-04-16T07:06:11,2023-04-16T20:20:16,0.87,"Rain, Partially cloudy",Partly cloudy throughout the day with a chance of rain throughout the day.,rain,"KFTK,D1289,KLOU,E0797,AU953,KSDF,72423093821,72424013807,72423513810"
Louisville,2023-04-17,16.7,7.8,11.7,16.7,4,10.2,-1.6,41.7,0,0,0,,0,0,64.8,37.7,253.8,1009.7,52.8,16,264.5,22.8,9,10,2023-04-17T07:04:47,2023-04-17T20:21:12,0.91,Partially cloudy,Partly cloudy throughout the day.,partly-cloudy-day,"KFTK,KLOU,AU953,KSDF,72423093821,72424013807,72423513810"
Louisville,2023-04-18,21.2,4,13.5,21.2,3.2,13.1,0.5,43.1,0,0,0,,0,0,25.9,12.9,287.6,1013.8,21.4,16,252.5,21.6,8,10,2023-04-18T07:03:24,2023-04-18T20:22:08,0.95,Partially cloudy,Partly cloudy throughout the day.,partly-cloudy-day,"KFTK,D1289,KLOU,AU953,KSDF,72423093821,72424013807,72423513810"
Louisville,2023-04-19,28.1,8.8,18.7,27,8.8,18.4,6.3,48.7,0,0,0,,0,0,39.7,28.9,198.2,1015.9,42.2,16,238.9,20.7,8,10,2023-04-19T07:02:01,2023-04-19T20:23:05,0.98,Partially cloudy,Partly cloudy throughout the day.,partly-cloudy-day,"KFTK,KLOU,E0797,AU953,KSDF,72423093821,72424013807,72423513810"
Louisville,2023-04-20,29.2,15.3,23.3,27.7,15.3,22.9,5.9,34,0,0,0,,0,0,53.1,32,181.4,1015.9,40.1,16,241.5,20.9,8,10,2023-04-20T07:00:39,2023-04-20T20:24:01,0,Partially cloudy,Partly cloudy throughout the day.,partly-cloudy-day,"KFTK,KLOU,AU953,KSDF,72423093821,72424013807,72423513810"
Louisville,2023-04-21,23.6,9.4,16.9,23.6,7.6,16.8,10,66.6,11.483,100,33.33,rain,0,0,40.7,25.9,261.8,1013.5,86.9,14.2,51.1,4.4,2,10,2023-04-21T06:59:18,2023-04-21T20:24:58,0.05,"Rain, Partially cloudy",Partly cloudy throughout the day with rain.,rain,"KFTK,D1289,KLOU,AU953,KSDF,72423093821,72424013807,72423513810"
Louisville,2023-04-22,16.2,5.6,10.8,16.2,2.8,9.9,3.4,63.9,6.133,100,8.33,rain,0,0,58.9,36.2,265.4,1012.8,53.5,15.4,185.9,16.2,8,10,2023-04-22T06:57:58,2023-04-22T20:25:54,0.08,"Rain, Partially cloudy",Partly cloudy throughout the day with early morning rain.,rain,"KFTK,KLOU,E0797,AU953,KSDF,72423093821,72424013807,72423513810"
Louisville,2023-04-23,10,4.2,6.9,10,1.5,4.9,-1.6,55.7,0,0,0,,0,0,33.5,18.6,271.9,1019.8,81.2,16,135.1,11.7,5,10,2023-04-23T06:56:39,2023-04-23T20:26:50,0.11,Partially cloudy,Partly cloudy throughout the day.,partly-cloudy-day,"KFTK,KLOU,AU953,KSDF,72423093821,72424013807,72423513810"
Louisville,2023-04-24,13.3,0.8,7.5,13.3,-0.2,6.8,-3.3,51,0,0,0,,0,0,33.5,16.6,349.2,1022.9,11.1,16,268.9,23.3,9,10,2023-04-24T06:55:21,2023-04-24T20:27:47,0.14,Clear,Clear conditions throughout the day.,clear-day,"KFTK,KLOU,AU953,KSDF,72423093821,72424013807,72423513810"
Louisville,2023-04-25,18.6,4.1,11.2,18.6,2,10.6,-1.4,43.5,0,0,0,,0,0,18.4,15.6,154.8,1021.1,40.3,16,242.5,21.2,9,10,2023-04-25T06:54:03,2023-04-25T20:28:43,0.18,Partially cloudy,Partly cloudy throughout the day.,partly-cloudy-day,"KFTK,KLOU,AU953,KSDF,72423093821,72424013807,72423513810"
Louisville,2023-04-26,20.1,6.7,13.5,20.1,4.4,13.1,4.5,56.7,0,0,0,,0,0,27.7,12.9,356.9,1020,44,15.9,246.6,21.3,8,10,2023-04-26T06:52:47,2023-04-26T20:29:40,0.21,Partially cloudy,Partly cloudy throughout the day.,partly-cloudy-day,"KFTK,KLOU,AU953,KSDF,72423093821,72424013807,72423513810"
Louisville,2023-04-27,20.9,8.5,14.6,20.9,8.1,14.5,5.6,57.2,19.403,100,20.83,rain,0,0,36.1,21.3,69.5,1014.5,67.8,14.8,166.1,14.3,8,10,2023-04-27T06:51:31,2023-04-27T20:30:36,0.25,"Rain, Partially cloudy",Partly cloudy throughout the day with late afternoon rain.,rain,"KFTK,D1289,KLOU,AU953,KSDF,72423093821,72424013807,72423513810"
Louisville,2023-04-28,16.4,11.8,13.9,16.4,11.8,13.9,10.8,82.1,9.21,100,20.83,rain,0,0,33.5,20.5,300.6,1007,89,11.5,92.3,8.1,4,10,2023-04-28T06:50:17,2023-04-28T20:31:32,0.27,"Rain, Partially cloudy",Partly cloudy throughout the day with rain clearing later.,rain,"KFTK,D1289,KLOU,AU953,KSDF,72423093821,72424013807,72423513810"
Louisville,2023-04-29,18.4,8.6,13.7,18.4,8.6,13.7,9.3,75.9,0.015,100,12.5,rain,0,0,29.5,23.1,199.3,1007.3,67.5,15.4,145.5,12.5,6,10,2023-04-29T06:49:04,2023-04-29T20:32:29,0.31,"Rain, Partially cloudy",Partly cloudy throughout the day with rain in the morning and afternoon.,rain,"KFTK,KLOU,AU953,KSDF,72423093821,72424013807,72423513810"
Louisville,2023-04-30,15,8.6,11.3,15,5.8,10.5,5.2,66.9,2.418,100,16.67,rain,0,0,58.7,29.2,274.6,1001.2,76.7,15.9,177.8,15.5,7,10,2023-04-30T06:47:51,2023-04-30T20:33:25,0.34,"Rain, Partially cloudy",Partly cloudy throughout the day with rain.,rain,"KFTK,KLOU,AU953,KSDF,72423093821,72424013807,72423513810"
Louisville,2023-05-01,14.5,8.1,11,14.5,4.7,9.7,1.7,53.5,0,0,0,,0,0,61.6,36.4,261.6,1000.9,97.5,16,94.6,8.2,4,10,2023-05-01T06:46:40,2023-05-01T20:34:21,0.37,Overcast,Cloudy skies throughout the day.,cloudy,"KFTK,KLOU,AU953,KSDF,72423093821,72424013807,72423513810"
Louisville,2023-05-02,16.2,8.4,12.5,16.2,5.8,12.1,0,42.4,0,0,0,,0,0,58.7,36.2,263,1004.2,40.8,16,189.5,16.4,9,10,2023-05-02T06:45:30,2023-05-02T20:35:17,0.4,Partially cloudy,Becoming cloudy in the afternoon.,partly-cloudy-day,"KFTK,KLOU,AU953,KSDF,72423093821,72424013807,72423513810"
Louisville,2023-05-03,17.8,6.9,12.7,17.8,3.7,12.1,1.3,46.8,0,0,0,,0,0,42.5,21.3,312.1,1010.5,36.1,16,264.2,22.8,9,10,2023-05-03T06:44:22,2023-05-03T20:36:13,0.43,Partially cloudy,Partly cloudy throughout the day.,partly-cloudy-day,"KFTK,KLOU,AU953,KSDF,72423093821,72424013807,72423513810"
Louisville,2023-05-04,22,5.6,14.1,22,5.6,14.1,3.9,54.1,0,0,0,,0,0,16.6,11.2,317.1,1015.9,22.4,16,248.6,21.3,9,10,2023-05-04T06:43:14,2023-05-04T20:37:09,0.47,Partially cloudy,Partly cloudy throughout the day.,partly-cloudy-day,"KFTK,KLOU,AU953,KSDF,72423093821,72424013807,72423513810"
Louisville,2023-05-05,24.7,9.5,17.9,24.7,9.5,17.9,5.5,47.2,0,0,0,,0,0,33.5,17.8,138.1,1018.6,37.9,16,256.9,22.2,8,10,2023-05-05T06:42:08,2023-05-05T20:38:05,0.5,Partially cloudy,Partly cloudy throughout the day.,partly-cloudy-day,"KFTK,KLOU,AU953,KSDF,72423093821,72424013807,72423513810"
Louisville,2023-05-06,25,15.6,20,25,15.6,20,11.2,57.5,4.135,100,4.17,rain,0,0,42.5,25.8,161.1,1019.8,83.8,16,162.5,13.9,5,10,2023-05-06T06:41:03,2023-05-06T20:39:00,0.53,"Rain, Partially cloudy",Partly cloudy throughout the day with late afternoon rain.,rain,"KFTK,KLOU,E0797,AU953,KSDF,72423093821,72424013807,72423513810"
Louisville,2023-05-07,21.4,16.4,19.3,21.4,16.4,19.3,15.5,78.7,14.866,100,33.33,rain,0,0,66.8,28.5,201.4,1015.3,61.1,15.7,55.9,4.7,5,30,2023-05-07T06:39:59,2023-05-07T20:39:56,0.57,"Rain, Partially cloudy",Partly cloudy throughout the day with rain in the morning and afternoon.,rain,"KFTK,KLOU,E2323,AU953,KSDF,72423093821,72424013807,72423513810"
Louisville,2023-05-08,23.9,13.7,19,23.9,13.7,19,16,83.2,3.442,100,12.5,rain,0,0,33.5,15.7,168.5,1013.3,61.5,15.3,162.8,14.2,7,60,2023-05-08T06:38:56,2023-05-08T20:40:51,0.61,"Rain, Partially cloudy",Partly cloudy throughout the day with afternoon rain.,rain,"KFTK,KLOU,AU953,KSDF,72423093821,72424013807,72423513810"
Louisville,2023-05-09,24.6,15.7,20.2,24.6,15.7,20.2,14,70.5,11.248,100,12.5,rain,0,0,59,22.3,346.2,1015.7,68.8,14.6,209.9,18.1,8,30,2023-05-09T06:37:55,2023-05-09T20:41:46,0.64,"Rain, Partially cloudy",Partly cloudy throughout the day with rain clearing later.,rain,"KFTK,KLOU,AU953,KSDF,72423093821,72424013807,72423513810"
Louisville,2023-05-10,26.2,10.9,19.3,26.2,10.9,19.3,6.8,46.8,0,0,0,,0,0,27.7,15.5,67.4,1020,27.4,16,265.6,23,8,10,2023-05-10T06:36:55,2023-05-10T20:42:41,0.68,Partially cloudy,Partly cloudy throughout the day.,partly-cloudy-day,"KFTK,KLOU,AU953,KSDF,72423093821,72424013807,72423513810"
Louisville,2023-05-11,26.6,12.7,20.6,26.6,12.7,20.6,12.8,61.8,0,0,0,,0,0,33.5,19.3,177.8,1018.2,60.5,16,215.5,18.4,8,10,2023-05-11T06:35:57,2023-05-11T20:43:35,0.71,Partially cloudy,Partly cloudy throughout the day.,partly-cloudy-day,"KFTK,KLOU,AU953,KSDF,72423093821,72424013807,72423513810"
Louisville,2023-05-12,22.3,19.4,21.2,22.3,19.4,21.2,17.8,80.7,0,0,0,,0,0,37.1,19.9,177.6,1017.2,84.5,15.9,80.3,6.7,3,10,2023-05-12T06:35:00,2023-05-12T20:44:29,0.75,Partially cloudy,Partly cloudy throughout the day.,partly-cloudy-day,"KFTK,KLOU,AU953,KSDF,72423093821,72424013807,72423513810"
Louisville,2023-05-13,28.1,20.3,23.4,29.5,20.3,23.6,19,77.3,0,0,0,,0,0,20.5,15.8,225.8,1018.1,88.2,15.9,187.8,16.2,6,30,2023-05-13T06:34:05,2023-05-13T20:45:23,0.78,Partially cloudy,Partly cloudy throughout the day.,partly-cloudy-day,"KFTK,KLOU,AU953,KSDF,72423093821,72424013807,72423513810"
Louisville,2023-05-14,28.1,18.9,23.4,28.6,18.9,23.5,16.9,68.8,6.163,100,12.5,rain,0,0,16.6,17.2,57.9,1021.3,63.9,15.5,240.5,20.7,8,10,2023-05-14T06:33:11,2023-05-14T20:46:16,0.82,"Rain, Partially cloudy",Clearing in the afternoon with morning rain.,rain,"KFTK,KLOU,AU953,KSDF,72423093821,72424013807,72423513810"
Louisville,2023-05-15,23.4,17.1,20.6,23.4,17.1,20.6,10.8,53.7,0,0,0,,0,0,27.7,17.4,36.4,1021.8,66.5,16,180,15.7,6,10,2023-05-15T06:32:18,2023-05-15T20:47:09,0.86,Partially cloudy,Partly cloudy throughout the day.,partly-cloudy-day,"KFTK,KLOU,AU953,KSDF,72423093821,72424013807,72423513810"
Louisville,2023-05-16,20.6,16.4,18.2,20.6,16.4,18.2,15.3,83.6,16.142,100,29.17,rain,0,0,45.4,17.8,354.3,1012.4,84.7,14.8,80.8,6.8,4,10,2023-05-16T06:31:27,2023-05-16T20:48:02,0.89,"Rain, Partially cloudy",Partly cloudy throughout the day with rain in the morning and afternoon.,rain,"KFTK,KLOU,AU953,KSDF,72423093821,72424013807,72423513810"
Louisville,2023-05-17,25,12.1,18.8,25,12.1,18.8,11.5,66.1,0,0,0,,0,0,29.5,14.9,13.9,1012,15.2,14.5,249.5,21.4,8,10,2023-05-17T06:30:38,2023-05-17T20:48:54,0.93,Clear,Clear conditions throughout the day.,clear-day,"KFTK,KLOU,AU953,KSDF,72423093821,72424013807,72423513810"
Louisville,2023-05-18,25,10.2,18.4,25,10.2,18.4,7.1,49,0,0,0,,0,0,20.5,13.7,26.5,1016.3,9.1,16,253.3,22,8,10,2023-05-18T06:29:50,2023-05-18T20:49:46,0.96,Clear,Clear conditions throughout the day.,clear-day,"KFTK,KLOU,AU953,KSDF,72423093821,72424013807,72423513810"
Louisville,2023-05-19,24.3,18,21.2,24.3,18,21.2,15.2,68.8,0,0,0,,0,0,37.1,19.6,188.6,1016.9,81.1,16,179.3,15.5,7,10,2023-05-19T06:29:04,2023-05-19T20:50:37,0,Partially cloudy,Partly cloudy throughout the day.,partly-cloudy-day,"KFTK,KLOU,AU953,KSDF,72423093821,72424013807,72423513810"
Louisville,2023-05-20,22.3,15.1,18.8,22.3,15.1,18.8,12.6,70,20.645,100,37.5,rain,0,0,35.3,23.6,356.7,1017.3,56.7,11.9,269.6,23.3,8,10,2023-05-20T06:28:19,2023-05-20T20:51:27,0.03,"Rain, Partially cloudy",Partly cloudy throughout the day with rain clearing later.,rain,"KFTK,D1289,KLOU,AU953,KSDF,72423093821,72424013807,72423513810"
Louisville,2023-05-21,24.4,10.4,17.8,24.4,10.4,17.8,8.6,58.6,0,0,0,,0,0,35,19.6,60.9,1020.6,7,15.6,271.9,23.3,8,10,2023-05-21T06:27:36,2023-05-21T20:52:17,0.06,Clear,Clear conditions throughout the day.,clear-day,"KFTK,D1289,KLOU,AU953,KSDF,72423093821,72424013807,72423513810"
Louisville,2023-05-22,25.9,11.7,19.8,25.9,11.7,19.8,8.8,52.9,0,0,0,,0,0,37.1,24,74.6,1019.1,44.5,16,252.6,21.8,8,10,2023-05-22T06:26:55,2023-05-22T20:53:07,0.1,Partially cloudy,Partly cloudy throughout the day.,partly-cloudy-day,"KFTK,KLOU,AU953,KSDF,72423093821,72424013807,72423513810"
Louisville,2023-05-23,28.4,14,21.6,27.9,14,21.5,11.4,54.6,0,0,0,,0,0,14.8,12,5.7,1018.4,32.6,16,257.1,22.2,8,10,2023-05-23T06:26:15,2023-05-23T20:53:55,0.13,Partially cloudy,Becoming cloudy in the afternoon.,partly-cloudy-day,"KFTK,KLOU,AU953,KSDF,72423093821,72424013807,72423513810"
Louisville,2023-05-24,28.9,14.9,23,27.9,14.9,22.8,12,52.2,0,0,0,,0,0,29.5,15.7,32.4,1017.2,24.2,16,250.9,21.7,8,10,2023-05-24T06:25:37,2023-05-24T20:54:43,0.16,Partially cloudy,Partly cloudy throughout the day.,partly-cloudy-day,"KFTK,KLOU,AU953,KSDF,72423093821,72424013807,72423513810"
Louisville,2023-05-25,23.4,14.8,19.5,23.4,14.8,19.5,7.3,46.9,0,0,0,,0,0,38.9,20.4,34.9,1018.7,18.7,16,265.1,22.9,8,10,2023-05-25T06:25:01,2023-05-25T20:55:31,0.19,Clear,Clear conditions throughout the day.,clear-day,"KFTK,KLOU,AU953,KSDF,72423093821,72424013807,72423513810"
Louisville,2023-05-26,25,11.2,18.3,25,11.2,18.3,6.4,46.8,0,0,0,,0,0,38,20.4,37.3,1021.1,22.7,16,260.3,22.6,8,10,2023-05-26T06:24:27,2023-05-26T20:56:17,0.23,Partially cloudy,Partly cloudy throughout the day.,partly-cloudy-day,"KFTK,KLOU,AU953,KSDF,72423093821,72424013807,72423513810"
Louisville,2023-05-27,23.8,11.8,18.8,23.8,11.8,18.8,6.5,46.2,0,0,0,,0,0,37.9,20.4,60.7,1021.4,34,16,200.7,17.3,6,10,2023-05-27T06:23:54,2023-05-27T20:57:03,0.25,Partially cloudy,Partly cloudy throughout the day.,partly-cloudy-day,"KFTK,KLOU,AU953,KSDF,72423093821,72424013807,72423513810"
Louisville,2023-05-28,20,14.4,17.1,20,14.4,17.1,9.3,60.5,0.023,100,8.33,rain,0,0,18.4,13.9,112.7,1018.8,83.5,16,146.7,12.6,7,10,2023-05-28T06:23:23,2023-05-28T20:57:48,0.29,"Rain, Partially cloudy",Partly cloudy throughout the day with rain in the morning and afternoon.,rain,"KFTK,KLOU,AU953,KSDF,72423093821,72424013807,72423513810"
Louisville,2023-05-29,29.1,13.7,21.7,28.1,13.7,21.6,11.5,55.1,0,0,0,,0,0,31.7,14.5,6.7,1014.4,67.3,16,260.3,22.3,8,10,2023-05-29T06:22:54,2023-05-29T20:58:32,0.32,Partially cloudy,Partly cloudy throughout the day.,partly-cloudy-day,"KFTK,KLOU,AU953,KSDF,72423093821,72424013807,72423513810"
Louisville,2023-05-30,28.8,18.6,24.3,29.1,18.6,24.4,16.3,62.2,0.126,100,4.17,rain,0,0,18.4,15.7,111.9,1014.2,54.6,16,204.1,17.6,8,30,2023-05-30T06:22:27,2023-05-30T20:59:15,0.36,"Rain, Partially cloudy",Partly cloudy throughout the day with late afternoon rain.,rain,"KFTK,KLOU,AU953,KSDF,72423093821,72424013807,72423513810"
Louisville,2023-05-31,30.6,18.4,24.6,30.8,18.4,24.8,16.8,63.8,0,0,0,,0,0,14.8,13,121.8,1015.7,32.8,16,192.1,16.5,7,30,2023-05-31T06:22:01,2023-05-31T20:59:57,0.39,Partially cloudy,Becoming cloudy in the afternoon.,partly-cloudy-day,"KFTK,KLOU,AU953,KSDF,72423093821,72424013807,72423513810"
Louisville,2023-06-01,30.9,18.2,25.3,31,18.2,25.4,15.8,57.8,0,0,0,,0,0,16.6,17.5,77.6,1016.1,32.3,16,219.3,18.7,8,30,2023-06-01T06:21:37,2023-06-01T21:00:38,0.42,Partially cloudy,Becoming cloudy in the afternoon.,partly-cloudy-day,"KFTK,KLOU,AU953,KSDF,72423093821,72424013807,72423513810"
Louisville,2023-06-02,31.7,18.5,25.8,30.2,18.5,25.2,13.4,51.2,0,0,0,,0,0,30.6,21.3,33.5,1014.5,5.5,16,262.4,22.6,8,10,2023-06-02T06:21:15,2023-06-02T21:01:18,0.45,Clear,Clear conditions throughout the day.,clear-day,"KFTK,KLOU,AU953,KSDF,72423093821,72424013807,72423513810"
Louisville,2023-06-03,33.1,17.8,26,31.7,17.8,25.6,14.1,52,0,0,0,,0,0,25.9,14.8,13.3,1012.1,30.5,15.9,254.6,22.2,8,10,2023-06-03T06:20:55,2023-06-03T21:01:56,0.5,Partially cloudy,Partly cloudy throughout the day.,partly-cloudy-day,"KFTK,KLOU,AU953,KSDF,72423093821,72424013807,72423513810"
Louisville,2023-06-04,31.2,19.8,25.7,31.1,19.8,25.6,14.6,51.4,0,0,0,,0,0,40.7,18.5,31.9,1012.2,28.9,15.6,246.7,21.3,8,30,2023-06-04T06:20:37,2023-06-04T21:02:34,0.52,Partially cloudy,Partly cloudy throughout the day.,partly-cloudy-day,"KFTK,KLOU,AU953,KSDF,72423093821,72424013807,72423513810"
Louisville,2023-06-05,30,17,23.1,29.9,17,23.1,13.9,57.7,0,0,0,,0,0,35.3,21.1,4.1,1013.5,21.2,15.7,237.3,20.7,8,10,2023-06-05T06:20:20,2023-06-05T21:03:11,0.55,Partially cloudy,Partly cloudy throughout the day.,partly-cloudy-day,"KFTK,KLOU,AU953,KSDF,72423093821,72424013807,72423513810"
Louisville,2023-06-06,29.4,14.5,22.7,28.4,14.5,22.4,11.9,54.3,0,0,0,,0,0,27.7,20.4,299.3,1012.8,36.9,13.7,227.9,19.7,8,10,2023-06-06T06:20:06,2023-06-06T21:03:46,0.59,Partially cloudy,Partly cloudy throughout the day.,partly-cloudy-day,"KFTK,KLOU,AU953,KSDF,72423093821,72424013807,72423513810"
Louisville,2023-06-07,24.4,17.8,20.5,24.4,17.8,20.5,15.5,74.5,27.496,100,37.5,rain,0,0,16.6,11.4,346.4,1008.8,88.9,12.1,125.9,11,8,10,2023-06-07T06:19:53,2023-06-07T21:04:20,0.63,"Rain, Partially cloudy",Partly cloudy throughout the day with rain in the morning and afternoon.,rain,"KFTK,KLOU,AU953,KSDF,72423093821,72424013807,72423513810"
Louisville,2023-06-08,25.6,13.2,19.5,25.6,13.2,19.5,8.9,56.4,0.071,100,4.17,rain,0,0,16.6,13.9,26,1009.6,17.4,13.2,246.2,21.2,8,10,2023-06-08T06:19:42,2023-06-08T21:04:53,0.66,Rain,Clear conditions throughout the day with morning rain.,rain,"KFTK,KLOU,AU953,KSDF,72423093821,72424013807,72423513810"
Louisville,2023-06-09,26.9,12.3,20.1,26.4,12.3,20,8.4,51.5,0,0,0,,0,0,31.7,16.3,303.9,1011.6,7.5,15.1,270,23.3,8,10,2023-06-09T06:19:33,2023-06-09T21:05:25,0.7,Clear,Clear conditions throughout the day.,clear-day,"KFTK,KLOU,AU953,KSDF,72423093821,72424013807,72423513810"
Louisville,2023-06-10,27.5,12.6,21.4,26.9,12.6,21.2,9.9,51.6,0,0,0,,0,0,14.8,13.6,158.8,1010.8,26.2,15.9,243,20.9,8,10,2023-06-10T06:19:25,2023-06-10T21:05:55,0.75,Partially cloudy,Partly cloudy throughout the day.,partly-cloudy-day,"KFTK,KLOU,AU953,KSDF,72423093821,72424013807,72423513810"
Louisville,2023-06-11,28.1,18.4,22.6,28.8,18.4,22.7,16.3,68.5,8.083,100,33.33,rain,0,0,59.6,25.4,180.7,1004.5,81.5,15.5,160.9,13.8,7,30,2023-06-11T06:19:20,2023-06-11T21:06:24,0.77,"Rain, Partially cloudy",Partly cloudy throughout the day with a chance of rain throughout the day.,rain,"KFTK,KLOU,AU953,KSDF,72423093821,72424013807,72423513810"
Louisville,2023-06-12,21.7,14.8,17.5,21.7,14.8,17.5,11.9,70.8,0,0,0,,0,0,43.6,26.2,299.1,1009.4,79.1,15.8,156.1,13.5,7,10,2023-06-12T06:19:16,2023-06-12T21:06:51,0.8,Partially cloudy,Partly cloudy throughout the day.,partly-cloudy-day,"KFTK,D1289,KLOU,AU953,KSDF,72423093821,72424013807,72423513810"
Louisville,2023-06-13,26.2,12,19.6,26.2,12,19.6,9.2,54.2,0,0,0,,0,0,55.7,36.3,230.8,1009.1,20.5,16,261.9,22.8,8,10,2023-06-13T06:19:14,2023-06-13T21:07:17,0.84,Partially cloudy,Partly cloudy throughout the day.,partly-cloudy-day,"KFTK,KLOU,AU953,KSDF,72423093821,72424013807,72423513810"
Louisville,2023-06-14,28.4,18.1,23.1,28,18.1,23.1,12.1,50.4,0,0,0,,0,0,38.9,21.3,260.7,1004.7,48,16,218.5,18.9,8,10,2023-06-14T06:19:14,2023-06-14T21:07:42,0.87,Partially cloudy,Partly cloudy throughout the day.,partly-cloudy-day,"KFTK,KLOU,AU953,KSDF,72423093821,72424013807,72423513810"
Louisville,2023-06-15,29.4,18.4,24.1,29.4,18.4,24.1,15,58.8,0,0,0,,0,0,14.8,13.6,258.8,1006.6,31.5,13.2,235.5,20.4,7,10,2023-06-15T06:19:15,2023-06-15T21:08:05,0.91,Partially cloudy,Partly cloudy throughout the day.,partly-cloudy-day,"KFTK,KLOU,AU953,KSDF,72423093821,72424013807,72423513810"
Louisville,2023-06-16,25.6,17.8,22.1,25.6,17.8,22.1,13.2,57.9,0,0,0,,0,0,33.5,18,345.7,1009.7,9.1,15,265.7,22.8,8,10,2023-06-16T06:19:19,2023-06-16T21:08:26,0.95,Clear,Clear conditions throughout the day.,clear-day,"KFTK,KLOU,AU953,KSDF,72423093821,72424013807,72423513810"
Louisville,2023-06-17,27.8,15.1,21.7,27.3,15.1,21.6,12.9,60.4,0,0,0,,0,0,13,11,3.9,1013.6,11.4,13.7,267.8,23.1,8,10,2023-06-17T06:19:24,2023-06-17T21:08:46,0.98,Clear,Clear conditions throughout the day.,clear-day,"KFTK,D1289,KLOU,AU953,KSDF,72423093821,72424013807,72423513810"
Louisville,2023-06-18,28.4,15.2,22.8,27.9,15.2,22.8,12.9,55.8,0,0,0,,0,0,42.5,17.5,129.1,1010.7,35.8,13.9,229.3,19.7,7,10,2023-06-18T06:19:31,2023-06-18T21:09:04,0,Partially cloudy,Partly cloudy throughout the day.,partly-cloudy-day,"KFTK,D1289,KLOU,AU953,KSDF,72423093821,72424013807,72423513810"
Louisville,2023-06-19,25,20.3,21.9,25,20.3,21.9,19.3,85.8,21.022,100,75,rain,0,0,33.5,16.4,53,1007.4,90.9,12.8,60.3,5.2,3,10,2023-06-19T06:19:39,2023-06-19T21:09:21,0.05,"Rain, Overcast",Cloudy skies throughout the day with a chance of rain throughout the day.,rain,"KFTK,KLOU,AU953,KSDF,72423093821,72424013807,72423513810"
Louisville,2023-06-20,28.9,21.2,23.9,30.2,21.2,24.3,19.3,76.4,0.535,100,20.83,rain,0,0,44.2,31.1,37.5,1010.8,89.7,14.5,189.9,16.4,8,30,2023-06-20T06:19:49,2023-06-20T21:09:35,0.08,"Rain, Partially cloudy",Partly cloudy throughout the day with rain.,rain,"KFTK,D1289,KLOU,AU953,KSDF,72423093821,72424013807,72423513810"
Louisville,2023-06-21,26.6,20,22.4,26.6,20,22.4,17.6,74.7,5.716,100,41.67,rain,0,0,41.6,25,59.5,1014.4,73.6,14.9,107.5,9.2,6,10,2023-06-21T06:20:01,2023-06-21T21:09:49,0.11,"Rain, Partially cloudy",Partly cloudy throughout the day with rain.,rain,"KFTK,KLOU,AU953,KSDF,72423093821,72424013807,72423513810"
Louisville,2023-06-22,21.9,17.3,20,21.9,17.3,20,14.1,69,0,0,0,,0,0,29.5,17.4,54.2,1014,75.2,16,126,11.1,4,10,2023-06-22T06:20:15,2023-06-22T21:10:00,0.15,Partially cloudy,Partly cloudy throughout the day.,partly-cloudy-day,"KFTK,KLOU,AU953,KSDF,72423093821,72424013807,72423513810"
Louisville,2023-06-23,24.9,19.2,21.6,24.9,19.2,21.6,16.2,71.7,0,0,0,,0,0,14.8,11.2,328.8,1013.4,96.9,16,122.8,10.5,7,10,2023-06-23T06:20:30,2023-06-23T21:10:10,0.18,Overcast,Cloudy skies throughout the day.,cloudy,"KFTK,KLOU,AU953,KSDF,72423093821,72424013807,72423513810"
Louisville,2023-06-24,31.2,20.3,25.6,31.1,20.3,25.7,16.9,61.5,0,0,0,,0,0,20.5,15,271.4,1013.2,47.2,16,237.5,20.6,8,10,2023-06-24T06:20:47,2023-06-24T21:10:18,0.21,Partially cloudy,Partly cloudy throughout the day.,partly-cloudy-day,"KFTK,KLOU,AU953,KSDF,72423093821,72424013807,72423513810"
Louisville,2023-06-25,31.4,20.3,23.7,36.4,20.3,24.5,19.1,76,42.677,100,37.5,rain,0,0,71.1,39.1,170.1,1009.4,50.5,14,203.8,17.7,8,100,2023-06-25T06:21:05,2023-06-25T21:10:24,0.24,"Rain, Partially cloudy",Clearing in the afternoon with rain.,rain,"KFTK,D1289,KLOU,AU953,E0797,KSDF,72423093821,72424013807,72423513810"
Louisville,2023-06-26,28.6,19.5,23.8,29.3,19.5,24.1,17.9,71.5,0.374,100,12.5,rain,0,0,47.6,25.5,252.4,1006.2,49.2,15.2,251.1,21.6,8,30,2023-06-26T06:21:25,2023-06-26T21:10:29,0.25,"Rain, Partially cloudy",Partly cloudy throughout the day with rain.,rain,"KFTK,D1289,KLOU,AU953,KSDF,72423093821,72424013807,72423513810"
Louisville,2023-06-27,28.1,19.1,23.8,28.8,19.1,24,16.7,65.5,0,0,0,,0,0,40.6,24.9,294.1,1010.1,32,13.7,258.3,22.4,8,10,2023-06-27T06:21:46,2023-06-27T21:10:31,0.31,Partially cloudy,Becoming cloudy in the afternoon.,partly-cloudy-day,"KFTK,D1289,KLOU,AU953,KSDF,72423093821,72424013807,72423513810"
Louisville,2023-06-28,28.8,17.6,23.7,29.6,17.6,23.9,17,67.8,0,0,0,,0,0,13,12.1,110.3,1014.7,57.3,5.4,210.7,18.2,8,10,2023-06-28T06:22:09,2023-06-28T21:10:32,0.34,Partially cloudy,Partly cloudy throughout the day.,partly-cloudy-day,"KFTK,KLOU,AU953,KSDF,72423093821,72424013807,72423513810"
Louisville,2023-06-29,26.9,20.6,22.1,28.4,20.6,22.2,18.8,81.6,5.304,100,33.33,rain,0,0,68.4,32.5,164.9,1015,45.6,9.3,62.6,5.2,5,30,2023-06-29T06:22:33,2023-06-29T21:10:31,0.38,"Rain, Partially cloudy",Partly cloudy throughout the day with rain.,rain,"KFTK,D1289,KLOU,AU953,KSDF,72423093821,72424013807,72423513810"
Louisville,2023-06-30,29.7,20.6,25,33.8,20.6,26.5,20.8,78,0.136,100,4.17,rain,0,0,27.7,16.6,143.2,1014.5,85.1,15.2,205.4,17.7,7,100,2023-06-30T06:22:59,2023-06-30T21:10:28,0.41,"Rain, Partially cloudy",Partly cloudy throughout the day with morning rain.,rain,"KFTK,D1289,KLOU,AU953,KSDF,72423093821,72424013807,72423513810"
Louisville,2023-07-01,29.7,21.4,25.5,33.9,21.4,26.6,21.1,77.2,11.449,100,29.17,rain,0,0,42.5,24.1,165.2,1013.2,56.7,15.3,159.3,13.6,8,75,2023-07-01T06:23:26,2023-07-01T21:10:23,0.44,"Rain, Partially cloudy",Partly cloudy throughout the day with rain in the morning and afternoon.,rain,"KFTK,KLOU,AU953,KSDF,72423093821,72424013807,72423513810"
Louisville,2023-07-02,28.9,21.4,23.8,32.5,21.4,24.4,19.9,79,22.261,100,70.83,rain,0,0,75,23.9,190,1010.1,70,15.1,138.6,12,8,75,2023-07-02T06:23:54,2023-07-02T21:10:17,0.47,"Rain, Partially cloudy",Partly cloudy throughout the day with a chance of rain throughout the day.,rain,"KFTK,KLOU,AU953,KSDF,72423093821,72424013807,72423513810"
Louisville,2023-07-03,30,21.2,25.4,31.3,21.2,25.9,19.3,71,0.296,100,4.17,rain,0,0,35.4,20.7,267.8,1012.2,66.9,15.8,253.4,21.7,8,30,2023-07-03T06:24:24,2023-07-03T21:10:08,0.5,"Rain, Partially cloudy",Partly cloudy throughout the day with morning rain.,rain,"KFTK,D1289,KLOU,AU953,KSDF,72423093821,72424013807,72423513810"
Louisville,2023-07-04,30.6,22.3,26.6,32.5,22.3,27.8,20,68.1,0.136,100,4.17,rain,0,0,13,12.1,242.5,1015.9,54.5,14.9,225,19.4,7,30,2023-07-04T06:24:55,2023-07-04T21:09:58,0.54,"Rain, Partially cloudy",Partly cloudy throughout the day with afternoon rain.,rain,"KFTK,KLOU,AU953,KSDF,72423093821,72424013807,72423513810"
Louisville,2023-07-05,31.8,21.8,27.2,34.2,21.8,28.6,20.7,69,0.321,100,12.5,rain,0,0,38.5,24.4,178.9,1015.5,31.1,11.9,256,22.2,8,30,2023-07-05T06:25:27,2023-07-05T21:09:46,0.58,"Rain, Partially cloudy",Becoming cloudy in the afternoon with afternoon rain.,rain,"KFTK,KLOU,AU953,KSDF,72423093821,72424013807,72423513810"
Louisville,2023-07-06,30.9,24.1,27.5,33,24.1,28.5,21,68.4,3.25,100,12.5,rain,0,0,33.6,21.3,265.7,1013,65.3,16,220.7,19.1,8,30,2023-07-06T06:26:01,2023-07-06T21:09:32,0.61,"Rain, Partially cloudy",Partly cloudy throughout the day with morning rain.,rain,"KFTK,KLOU,AU953,KSDF,72423093821,72424013807,72423513810"
Louisville,2023-07-07,31.5,22.5,26.8,30.7,22.5,26.7,17,57.6,0,0,0,,0,0,16.6,11.3,344.7,1013.4,35.5,16,266.8,23,8,10,2023-07-07T06:26:35,2023-07-07T21:09:16,0.65,Partially cloudy,Partly cloudy throughout the day.,partly-cloudy-day,"KFTK,KLOU,AU953,KSDF,72423093821,72424013807,72423513810"
Louisville,2023-07-08,28.3,21.3,24.5,30.4,21.3,24.8,19.2,72.9,28.09,100,25,rain,0,0,53.6,30.3,189.9,1010.7,62.8,15.2,139.5,12.1,8,30,2023-07-08T06:27:11,2023-07-08T21:08:58,0.68,"Rain, Partially cloudy",Partly cloudy throughout the day with rain.,rain,"KFTK,KLOU,AU953,KSDF,72423093821,72424013807,72423513810"
Louisville,2023-07-09,25.9,21.2,23.2,25.9,21.2,23.2,17.6,72.5,2.211,100,8.33,rain,0,0,22.3,16,326,1011.7,76.8,16,168.5,14.4,8,10,2023-07-09T06:27:48,2023-07-09T21:08:39,0.75,"Rain, Partially cloudy",Partly cloudy throughout the day with rain clearing later.,rain,"KFTK,KLOU,AU953,KSDF,72423093821,72424013807,72423513810"
Louisville,2023-07-10,29.7,16.8,23.6,29.1,16.8,23.5,14.7,61.2,0,0,0,,0,0,13,9.3,333.2,1014.3,26.7,15.6,255.1,22,8,10,2023-07-10T06:28:26,2023-07-10T21:08:17,0.75,Partially cloudy,Becoming cloudy in the afternoon.,partly-cloudy-day,"KFTK,KLOU,AU953,KSDF,72423093821,72424013807,72423513810"
Louisville,2023-07-11,30,18.6,24.9,29.8,18.6,24.9,15.7,59.1,0.006,100,4.17,rain,0,0,33.5,14.8,225.9,1015.2,21.1,16,245,21.1,8,10,2023-07-11T06:29:04,2023-07-11T21:07:54,0.79,"Rain, Partially cloudy",Partly cloudy throughout the day with afternoon rain.,rain,"KFTK,KLOU,AU953,KSDF,72423093821,72424013807,72423513810"
Louisville,2023-07-12,31.2,19.9,26.1,31.3,19.9,26.3,17,59.3,0,0,0,,0,0,35.3,23.1,180.8,1013.8,19.2,16,262,22.7,8,10,2023-07-12T06:29:44,2023-07-12T21:07:29,0.82,Clear,Clear conditions throughout the day.,clear-day,"KFTK,KLOU,AU953,KSDF,72423093821,72424013807,72423513810"
Louisville,2023-07-13,32.3,24.7,28.1,35.2,24.7,29.5,21,66.5,1.332,100,8.33,rain,0,0,31.7,18.6,232.8,1010.2,51.2,16,238.5,20.4,8,30,2023-07-13T06:30:25,2023-07-13T21:07:02,0.86,"Rain, Partially cloudy",Partly cloudy throughout the day with late afternoon rain.,rain,"KFTK,KLOU,AU953,KSDF,72423093821,72424013807,72423513810"
Louisville,2023-07-14,33.6,23.4,28.3,35.2,23.4,29.2,20,63.4,0,0,0,,0,0,27.7,12.2,293.5,1011.6,30.7,16,261.1,22.6,8,30,2023-07-14T06:31:06,2023-07-14T21:06:33,0.89,Partially cloudy,Clearing in the afternoon.,partly-cloudy-day,"KFTK,KLOU,AU953,KSDF,72423093821,72424013807,72423513810"
Louisville,2023-07-15,29.4,23.1,26.5,32.2,23.1,27.3,21.3,73.7,4.916,100,20.83,rain,0,0,47.9,21.5,232.7,1010.1,67.4,15.4,121.2,10.4,5,30,2023-07-15T06:31:49,2023-07-15T21:06:02,0.93,"Rain, Partially cloudy",Partly cloudy throughout the day with rain in the morning and afternoon.,rain,"KFTK,KLOU,AU953,KSDF,72423093821,72424013807,72423513810"
Louisville,2023-07-16,29.4,22,25.7,30.2,22,26,19,68.3,0,0,0,,0,0,27.7,17.8,263.1,1013.3,13.9,12,221.5,19.2,7,10,2023-07-16T06:32:32,2023-07-16T21:05:30,0.96,Clear,Clear conditions throughout the day.,clear-day,"KFTK,KLOU,AU953,KSDF,72423093821,72424013807,72423513810"
Louisville,2023-07-17,29.7,22.3,26.1,30.8,22.3,26.5,19.3,67,0.297,100,4.17,rain,0,0,37.1,20.9,230.7,1014.5,62.6,12.4,219.3,19,8,60,2023-07-17T06:33:16,2023-07-17T21:04:55,0,"Rain, Partially cloudy",Partly cloudy throughout the day with morning rain.,rain,"KFTK,KLOU,AU953,KSDF,72423093821,72424013807,72423513810"
Louisville,2023-07-18,31.1,19.8,24.2,34.7,19.8,25.2,19.9,77.7,20.611,100,37.5,rain,0,0,58.8,34.3,192.8,1014.6,70.5,15.1,171.7,14.7,8,60,2023-07-18T06:34:01,2023-07-18T21:04:19,0.03,"Rain, Partially cloudy",Partly cloudy throughout the day with a chance of rain throughout the day.,rain,"KFTK,KLOU,AU953,KSDF,72423093821,72424013807,72423513810"
Louisville,2023-07-19,27.5,21.9,24.3,28.8,21.9,24.7,19.9,77.3,0,0,0,,0,0,36.1,23.1,230.5,1016.7,97.7,15.3,85.8,7.4,3,30,2023-07-19T06:34:46,2023-07-19T21:03:42,0.06,Overcast,Cloudy skies throughout the day.,cloudy,"KFTK,KLOU,AU953,KSDF,72423093821,72424013807,72423513810"
Louisville,2023-07-20,29.6,23.6,26.7,34.3,23.6,28.6,21.9,74.9,0.136,100,4.17,rain,0,0,25.9,17.4,219.4,1014.1,67.2,16,152.4,13.2,7,75,2023-07-20T06:35:32,2023-07-20T21:03:02,0.1,"Rain, Partially cloudy",Partly cloudy throughout the day with afternoon rain.,rain,"KFTK,KLOU,AU953,KSDF,72423093821,72424013807,72423513810"
Louisville,2023-07-21,27.8,20.3,24.8,28.4,20.3,25,17.9,66.7,0,0,0,,0,0,33.5,18.7,327.9,1013.3,44.4,16,171.8,14.9,8,30,2023-07-21T06:36:19,2023-07-21T21:02:21,0.13,Partially cloudy,Becoming cloudy in the afternoon.,partly-cloudy-day,"KFTK,KLOU,AU953,KSDF,72423093821,72424013807,72423513810"
Louisville,2023-07-22,28.9,19.2,24.6,28.8,19.2,24.6,16.5,63,0,0,0,,0,0,14.8,12.8,347.4,1012.8,42,16,259.2,22.2,9,10,2023-07-22T06:37:06,2023-07-22T21:01:38,0.16,Partially cloudy,Partly cloudy throughout the day.,partly-cloudy-day,"KFTK,KLOU,AU953,KSDF,72423093821,72424013807,72423513810"
Louisville,2023-07-23,29.4,18.4,24.5,30,18.4,24.7,17,64.5,0,0,0,,0,0,16.6,13.9,260.2,1014.5,16.4,16,222.6,19.2,8,10,2023-07-23T06:37:54,2023-07-23T21:00:53,0.2,Clear,Clear conditions throughout the day.,clear-day,"KFTK,KLOU,AU953,KSDF,72423093821,72424013807,72423513810"
Louisville,2023-07-24,30.9,21.2,24.8,34.2,21.2,25.7,19.8,74.6,1.132,100,16.67,rain,0,0,64.8,19.2,186.4,1016.8,51.7,15.7,215,18.7,8,60,2023-07-24T06:38:42,2023-07-24T21:00:07,0.23,"Rain, Partially cloudy",Partly cloudy throughout the day with rain.,rain,"KFTK,KLOU,AU953,KSDF,72423093821,72424013807,72423513810"
Louisville,2023-07-25,32.5,19.8,26,34.6,19.8,27.3,20.2,72.6,0,0,0,,0,0,14.8,11.2,195.8,1018.2,27.5,15.7,247,21.4,8,60,2023-07-25T06:39:31,2023-07-25T20:59:19,0.25,Partially cloudy,Partly cloudy throughout the day.,partly-cloudy-day,"KFTK,KLOU,AU953,KSDF,72423093821,72424013807,72423513810"
Louisville,2023-07-26,32.5,25,28.6,36.1,25,31.1,22.2,69.4,0,0,0,,0,0,38.9,25.8,194.8,1015.9,51.3,16,219.1,19.1,8,60,2023-07-26T06:40:20,2023-07-26T20:58:30,0.3,Partially cloudy,Partly cloudy throughout the day.,partly-cloudy-day,"KFTK,KLOU,AU953,KSDF,72423093821,72424013807,72423513810"
Louisville,2023-07-27,34.8,26.2,30.1,41.7,26.2,34,22.8,65.4,0,0,0,,0,0,42.5,24.3,220.2,1014.8,52.5,16,203,17.4,8,100,2023-07-27T06:41:10,2023-07-27T20:57:38,0.33,Partially cloudy,Partly cloudy throughout the day.,partly-cloudy-day,"KFTK,KLOU,AU953,KSDF,72423093821,72424013807,72423513810"
Louisville,2023-07-28,35.3,27.3,30.9,42.4,30.1,36,23.8,66.4,0,0,0,,0,0,33.5,22,215.1,1016.2,50.6,16,228.9,19.6,8,75,2023-07-28T06:42:00,2023-07-28T20:56:46,0.36,Partially cloudy,Partly cloudy throughout the day.,partly-cloudy-day,"KFTK,KLOU,AU953,KSDF,72423093821,72424013807,72423513810"
Louisville,2023-07-29,33.3,23.7,29.4,38.2,23.7,32.9,22.5,67.4,0.354,100,8.33,rain,0,0,86.8,26.2,278.9,1015.2,45,16,240.7,20.7,8,60,2023-07-29T06:42:50,2023-07-29T20:55:52,0.4,"Rain, Partially cloudy",Partly cloudy throughout the day with rain.,rain,"KFTK,KLOU,AU953,KSDF,72423093821,72424013807,72423513810"
Louisville,2023-07-30,32,22.3,27.1,33,22.3,27.7,19.3,64.7,0.403,100,12.5,rain,0,0,45.5,28.3,318,1016.1,38.8,15.9,261.7,22.5,9,10,2023-07-30T06:43:41,2023-07-30T20:54:56,0.43,"Rain, Partially cloudy",Partly cloudy throughout the day with early morning rain.,rain,"KFTK,KLOU,AU953,KSDF,72423093821,72424013807,72423513810"
Louisville,2023-07-31,29.8,21.2,25.1,30.1,21.2,25.2,16.8,61.7,0,0,0,,0,0,31.6,20.4,356.1,1018,33.9,16,279.6,24.2,9,10,2023-07-31T06:44:32,2023-07-31T20:53:59,0.46,Partially cloudy,Partly cloudy throughout the day.,partly-cloudy-day,"KFTK,KLOU,AU953,KSDF,72423093821,72424013807,72423513810"
Louisville,2023-08-01,28.8,16.2,23.5,28.3,16.2,23.4,14.2,58.7,0,0,0,,0,0,33.5,22,71.5,1021,19.3,16,255.7,22,8,10,2023-08-01T06:45:23,2023-08-01T20:53:00,0.5,Clear,Clear conditions throughout the day.,clear-day,"KFTK,KLOU,AU953,KSDF,72423093821,72424013807,72423513810"
Louisville,2023-08-02,26.1,18.9,23.1,26.1,18.9,23.1,15.4,62.2,0,0,0,,0,0,16.6,10.9,82,1019.5,53.5,16,111.7,9.6,6,10,2023-08-02T06:46:15,2023-08-02T20:52:00,0.53,Partially cloudy,Partly cloudy throughout the day.,partly-cloudy-day,"KFTK,KLOU,AU953,KSDF,72423093821,72424013807,72423513810"
Louisville,2023-08-03,28.8,20.3,23.9,30.4,20.3,24.2,19.9,79.6,12.994,100,33.33,rain,0,0,16.6,10.4,44.2,1014.5,81.8,14.1,156.9,13.4,7,10,2023-08-03T06:47:07,2023-08-03T20:50:58,0.56,"Rain, Partially cloudy",Partly cloudy throughout the day with rain clearing later.,rain,"KFTK,KLOU,AU953,KSDF,72423093821,72424013807,72423513810"
Louisville,2023-08-04,31.1,20.4,25.7,32.9,20.4,26.5,20.1,73.8,0,0,0,,0,0,11.2,9.3,22.4,1013.9,44.7,12.8,201.2,17.3,8,10,2023-08-04T06:47:59,2023-08-04T20:49:55,0.6,Partially cloudy,Partly cloudy throughout the day.,partly-cloudy-day,"KFTK,KLOU,AU953,KSDF,72423093821,72424013807,72423513810"
Louisville,2023-08-05,29.9,22.1,26.2,32.7,22.1,27.6,21.1,74.5,0,0,0,,0,0,31.7,24.2,167.2,1013.7,55.2,15.2,172.7,15,8,30,2023-08-05T06:48:51,2023-08-05T20:48:51,0.63,Partially cloudy,Becoming cloudy in the afternoon.,partly-cloudy-day,"KFTK,KLOU,AU953,KSDF,72423093821,72424013807,72423513810"
Louisville,2023-08-06,30.9,24.1,26.9,33.5,24.1,27.9,21.3,72.4,0.157,100,4.17,rain,0,0,35.3,21.4,228.1,1010.9,64.8,16,247.5,21.1,8,30,2023-08-06T06:49:43,2023-08-06T20:47:45,0.67,"Rain, Partially cloudy",Partly cloudy throughout the day with early morning rain.,rain,"KFTK,KLOU,AU953,KSDF,72423093821,72424013807,72423513810"
Louisville,2023-08-07,28.3,20.5,24.5,30.2,20.5,25.1,20.2,77.8,16.537,100,33.33,rain,0,0,61.4,39.2,250.5,1009.1,83.7,15.8,196.2,16.9,8,60,2023-08-07T06:50:35,2023-08-07T20:46:38,0.7,"Rain, Partially cloudy",Partly cloudy throughout the day with rain.,rain,"KFTK,KLOU,AU953,KSDF,72423093821,72424013807,72423513810"
Louisville,2023-08-08,27.7,19.2,23.5,28.3,19.2,23.6,18.1,73.6,0,0,0,,0,0,33.5,18.3,261.1,1014.2,54.5,15.6,215.8,18.6,8,10,2023-08-08T06:51:28,2023-08-08T20:45:30,0.75,Partially cloudy,Partly cloudy throughout the day.,partly-cloudy-day,"KFTK,KLOU,AU953,KSDF,72423093821,72424013807,72423513810"
Louisville,2023-08-09,27.8,20.6,24.1,29.6,20.6,24.5,19.6,76.6,3.367,100,8.33,rain,0,0,47,22.2,208.1,1012.2,60.6,15.4,142.8,12.3,7,30,2023-08-09T06:52:20,2023-08-09T20:44:21,0.77,"Rain, Partially cloudy",Partly cloudy throughout the day with late afternoon rain.,rain,"KFTK,KLOU,AU953,KSDF,72423093821,72424013807,72423513810"
Louisville,2023-08-10,28.1,20.9,24,29.3,20.9,24.3,19.1,75.3,2.589,100,12.5,rain,0,0,31.7,17.9,270.9,1009,81.8,15.3,217.4,18.6,9,10,2023-08-10T06:53:13,2023-08-10T20:43:10,0.8,"Rain, Partially cloudy",Partly cloudy throughout the day with early morning rain.,rain,"KFTK,KLOU,AU953,KSDF,72423093821,72424013807,72423513810"
Louisville,2023-08-11,30.9,20.3,25.6,32.3,20.3,26.2,19.2,70,0,0,0,,0,0,33.5,16.6,209.3,1011.3,33.2,15.9,229,19.7,8,30,2023-08-11T06:54:06,2023-08-11T20:41:58,0.84,Partially cloudy,Partly cloudy throughout the day.,partly-cloudy-day,"KFTK,KLOU,AU953,KSDF,72423093821,72424013807,72423513810"
Louisville,2023-08-12,31.9,23.1,26.5,36.8,23.1,27.7,21.7,76,2.033,100,8.33,rain,0,0,56.3,31.4,237,1011.8,34.2,15.5,190.5,16.5,8,75,2023-08-12T06:54:58,2023-08-12T20:40:45,0.87,"Rain, Partially cloudy",Partly cloudy throughout the day with rain in the morning and afternoon.,rain,"KFTK,KLOU,AU953,KSDF,72423093821,72424013807,72423513810"
Louisville,2023-08-13,31.7,23.6,27.5,34.9,23.6,28.7,21.5,71.2,0,0,0,,0,0,14.8,14.9,353,1014.6,57.9,16,181.8,15.7,7,30,2023-08-13T06:55:51,2023-08-13T20:39:31,0.91,Partially cloudy,Partly cloudy throughout the day.,partly-cloudy-day,"KFTK,KLOU,AU953,KSDF,72423093821,72424013807,72423513810"
Louisville,2023-08-14,28.6,22.5,24.9,31.8,22.5,25.6,22.1,85,14.454,100,62.5,rain,0,0,51.8,22.7,218.2,1012,87,15,133.8,11.5,9,30,2023-08-14T06:56:44,2023-08-14T20:38:16,0.94,"Rain, Partially cloudy",Partly cloudy throughout the day with rain.,rain,"KFTK,KLOU,AU953,KSDF,72423093821,72424013807,72423513810"
Louisville,2023-08-15,24.4,18.6,21.6,24.4,18.6,21.6,17.3,77.9,0.227,100,4.17,rain,0,0,33.5,20.4,271.5,1013.5,68.5,16,147.8,12.8,7,10,2023-08-15T06:57:37,2023-08-15T20:37:00,0.97,"Rain, Partially cloudy",Partly cloudy throughout the day with late afternoon rain.,rain,"KFTK,KLOU,AU953,KSDF,72423093821,72424013807,72423513810"
Louisville,2023-08-16,26.7,18.6,22.7,27.1,18.6,22.7,16.2,68.1,0,0,0,,0,0,14.8,13.1,339.2,1016.1,58.6,15.9,231.3,20,8,10,2023-08-16T06:58:29,2023-08-16T20:35:43,0,Partially cloudy,Becoming cloudy in the afternoon.,partly-cloudy-day,"KFTK,KLOU,AU953,KSDF,72423093821,72424013807,72423513810"
Louisville,2023-08-17,28.1,17.5,23.1,28.6,17.5,23.2,17,70.3,0,0,0,,0,0,43.5,26.7,227.6,1011.7,34.5,15.2,200,17.3,8,10,2023-08-17T06:59:22,2023-08-17T20:34:24,0.04,Partially cloudy,Partly cloudy throughout the day.,partly-cloudy-day,"KFTK,KLOU,AU953,KSDF,72423093821,72424013807,72423513810"
Louisville,2023-08-18,26.8,17.8,22.2,26.8,17.8,22.2,14.4,63.6,0.262,100,4.17,rain,0,0,16.6,13.9,356.7,1015.5,21.8,16,245.4,21.2,8,10,2023-08-18T07:00:15,2023-08-18T20:33:05,0.08,"Rain, Partially cloudy",Partly cloudy throughout the day with early morning rain.,rain,"KFTK,KLOU,AU953,KSDF,72423093821,72424013807,72423513810"
Louisville,2023-08-19,28.5,15.1,22.4,28.3,15.1,22.5,14.5,63.2,0,0,0,,0,0,14.8,15.6,144.1,1017.9,19.2,15.5,236,20.4,8,10,2023-08-19T07:01:07,2023-08-19T20:31:45,0.11,Clear,Clear conditions throughout the day.,clear-day,"KFTK,KLOU,AU953,KSDF,72423093821,72424013807,72423513810"
Louisville,2023-08-20,32.5,19,26.5,35,19,27.6,18.7,63.8,0,0,0,,0,0,29.5,17.8,197.5,1018.1,17.1,16,222.6,19.2,8,15,2023-08-20T07:02:00,2023-08-20T20:30:24,0.15,Clear,Clear conditions throughout the day.,clear-day,"KFTK,KLOU,AU953,KSDF,72423093821,72424013807,72423513810"
Louisville,2023-08-21,33.4,23.3,28.6,38.9,23.3,31.3,22.3,69.9,0,0,0,,0,0,9.4,9.3,66.6,1019.6,52,16,183.6,15.7,7,60,2023-08-21T07:02:53,2023-08-21T20:29:02,0.18,Partially cloudy,Partly cloudy throughout the day.,partly-cloudy-day,"KFTK,KLOU,AU953,KSDF,72423093821,72424013807,72423513810"
Louisville,2023-08-22,33.9,24.8,29.2,37.5,24.8,31.9,22.9,70.7,0,0,0,,0,0,16.6,14.7,25.9,1019.3,57.3,13.8,199.9,17.2,8,60,2023-08-22T07:03:45,2023-08-22T20:27:39,0.21,Partially cloudy,Partly cloudy throughout the day.,partly-cloudy-day,"KFTK,KLOU,AU953,KSDF,72423093821,72424013807,72423513810"
Louisville,2023-08-23,34.5,22.5,28.5,38,22.5,30.2,19.6,60.1,0,0,0,,0,0,14.8,13.9,236,1017.6,25.3,16,212,18.5,7,60,2023-08-23T07:04:38,2023-08-23T20:26:15,0.25,Partially cloudy,Partly cloudy throughout the day.,partly-cloudy-day,"KFTK,KLOU,AU953,KSDF,72423093821,72424013807,72423513810"
Louisville,2023-08-24,34.4,25,29,41.8,25,32.6,20.8,62,0,0,0,,0,0,37.1,23.1,208,1014.6,44.2,12.1,160.1,13.8,7,100,2023-08-24T07:05:30,2023-08-24T20:24:51,0.25,Partially cloudy,Partly cloudy throughout the day.,partly-cloudy-day,"KFTK,KLOU,AU953,KSDF,72423093821,72424013807,72423513810"
Louisville,2023-08-25,36.7,24,30.2,45.2,24,34.7,23.9,70.6,24.479,100,16.67,rain,0,0,94,24.5,262.3,1012.7,42.1,13.6,237.7,20.6,8,100,2023-08-25T07:06:23,2023-08-25T20:23:26,0.32,"Rain, Partially cloudy",Becoming cloudy in the afternoon with late afternoon rain.,rain,"KFTK,KLOU,AU953,KSDF,72423093821,72424013807,72423513810"
Louisville,2023-08-26,31.5,22.5,26.2,35,22.5,27.6,21.6,77.2,6.027,100,29.17,rain,0,0,66.5,33.2,332.2,1012.4,59.6,15.7,193.4,16.8,8,30,2023-08-26T07:07:15,2023-08-26T20:22:00,0.35,"Rain, Partially cloudy",Partly cloudy throughout the day with a chance of rain throughout the day.,rain,"KFTK,KLOU,AU953,KSDF,72423093821,72424013807,72423513810"
Louisville,2023-08-27,27.3,22.3,24.7,28.2,22.3,24.9,19,71.3,0,0,0,,0,0,40.7,21.5,48.6,1012.8,65,16,144.8,12.7,6,10,2023-08-27T07:08:07,2023-08-27T20:20:33,0.38,Partially cloudy,Partly cloudy throughout the day.,partly-cloudy-day,"KFTK,KLOU,AU953,KSDF,72423093821,72424013807,72423513810"
Louisville,2023-08-28,28.6,17.8,23.3,28.8,17.8,23.4,16.5,67.9,0,0,0,,0,0,28.6,16.6,13.7,1013.4,22.6,15.9,208.2,18,8,10,2023-08-28T07:08:59,2023-08-28T20:19:06,0.42,Partially cloudy,Partly cloudy throughout the day.,partly-cloudy-day,"KFTK,KLOU,AU953,KSDF,72423093821,72424013807,72423513810"
Louisville,2023-08-29,27.6,16.5,22.3,27.6,16.5,22.3,14.1,61.9,0,0,0,,0,0,31.7,17.4,340.4,1012.7,23.9,16,206.4,17.8,8,10,2023-08-29T07:09:52,2023-08-29T20:17:38,0.45,Partially cloudy,Partly cloudy throughout the day.,partly-cloudy-day,"KFTK,KLOU,AU953,KSDF,72423093821,72424013807,72423513810"
Louisville,2023-08-30,26.5,18.1,21.7,26.5,18.1,21.7,14.2,64.4,0,0,0,,0,0,34.3,24,8.8,1012.7,13.3,16,240.3,20.7,8,10,2023-08-30T07:10:44,2023-08-30T20:16:09,0.5,Clear,Clear conditions throughout the day.,clear-day,"KFTK,KLOU,AU953,KSDF,72423093821,72424013807,72423513810"
Louisville,2023-08-31,26.7,14.1,20.1,26.9,14.1,20.1,12.4,63,0,0,0,,0,0,33.5,22.2,56.4,1016.5,14,16,242,20.8,8,10,2023-08-31T07:11:36,2023-08-31T20:14:40,0.52,Clear,Clear conditions throughout the day.,clear-day,"KFTK,KLOU,AU953,KSDF,72423093821,72424013807,72423513810"
Louisville,2023-09-01,30,14.6,22.7,31.4,14.6,23.1,15.8,66.4,0,0,0,,0,0,14.8,13,82.4,1020.4,20.4,16,220,19.1,8,10,2023-09-01T07:12:28,2023-09-01T20:13:10,0.55,Partially cloudy,Partly cloudy throughout the day.,partly-cloudy-day,"KFTK,KLOU,AU953,KSDF,72423093821,72424013807,72423513810"
Louisville,2023-09-02,32,21.4,26.5,34,21.4,27.5,19.7,67.6,0,0,0,,0,0,27.7,17.5,217.2,1020.3,32.1,15.9,201,17.2,7,10,2023-09-02T07:13:19,2023-09-02T20:11:40,0.59,Partially cloudy,Partly cloudy throughout the day.,partly-cloudy-day,"KFTK,KLOU,AU953,KSDF,72423093821,72424013807,72423513810"
Louisville,2023-09-03,31.8,21.4,26.6,33.3,21.4,27.2,19.4,66.7,0,0,0,,0,0,16.6,14.7,212.6,1018.1,22.6,16,221.5,19.1,8,10,2023-09-03T07:14:11,2023-09-03T20:10:09,0.62,Partially cloudy,Becoming cloudy in the afternoon.,partly-cloudy-day,"KFTK,KLOU,AU953,KSDF,72423093821,72424013807,72423513810"
Louisville,2023-09-04,32.6,20,26.6,34.9,20,27.6,19.2,66.2,0,0,0,,0,0,18.4,17.3,195.2,1015.8,30.8,16,155.8,13.5,7,10,2023-09-04T07:15:03,2023-09-04T20:08:38,0.65,Partially cloudy,Partly cloudy throughout the day.,partly-cloudy-day,"KFTK,KLOU,AU953,KSDF,72423093821,72424013807,72423513810"
Louisville,2023-09-05,30.9,23.3,27.4,34.1,23.3,28.9,20.8,67.9,0,0,0,,0,0,29.5,18.5,176.9,1015.5,50.6,16,170.7,14.8,7,30,2023-09-05T07:15:55,2023-09-05T20:07:06,0.69,Partially cloudy,Partly cloudy throughout the day.,partly-cloudy-day,"KFTK,KLOU,AU953,KSDF,72423093821,72424013807,72423513810"
Louisville,2023-09-06,27.8,22.3,24.9,30.1,22.3,25.3,20.5,76.7,1.27,100,12.5,rain,0,0,29.5,21.4,184.7,1012.9,53.3,16,97.5,8.4,7,30,2023-09-06T07:16:47,2023-09-06T20:05:34,0.75,"Rain, Partially cloudy",Partly cloudy throughout the day with rain in the morning and afternoon.,rain,"KFTK,KLOU,AU953,KSDF,72423093821,72424013807,72423513810"
Louisville,2023-09-07,24.7,18.4,22.4,24.7,18.4,22.4,17.5,74,0,0,0,,0,0,20.5,17.8,294.4,1011.8,82.3,15.1,97.3,8.3,4,10,2023-09-07T07:17:39,2023-09-07T20:04:02,0.75,Partially cloudy,Partly cloudy throughout the day.,partly-cloudy-day,"KFTK,KLOU,AU953,KSDF,72423093821,72424013807,72423513810"
Louisville,2023-09-08,27.3,18.3,22.4,27.7,18.3,22.4,16.5,71.5,0,0,0,,0,0,20.5,16.6,349.3,1014.9,58.8,14.8,185.3,16.2,8,10,2023-09-08T07:18:30,2023-09-08T20:02:29,0.79,Partially cloudy,Partly cloudy throughout the day.,partly-cloudy-day,"KFTK,KLOU,AU953,KSDF,72423093821,72424013807,72423513810"
Louisville,2023-09-09,26.1,16.7,21.3,26.1,16.7,21.3,16.5,74.9,0,0,0,,0,0,29.5,15.6,2.2,1017.3,79.1,16,123.4,10.5,7,10,2023-09-09T07:19:22,2023-09-09T20:00:56,0.82,Partially cloudy,Partly cloudy throughout the day.,partly-cloudy-day,"KFTK,KLOU,AU953,KSDF,72423093821,72424013807,72423513810"
Louisville,2023-09-10,27.8,17.5,22.2,28.2,17.5,22.3,15.4,66.9,0,0,0,,0,0,27.7,14.6,2.1,1018.6,49.8,16,168.4,14.7,8,10,2023-09-10T07:20:14,2023-09-10T19:59:22,0.85,Partially cloudy,Partly cloudy throughout the day.,partly-cloudy-day,"KFTK,KLOU,AU953,KSDF,72423093821,72424013807,72423513810"
Louisville,2023-09-11,29.8,16.2,22.6,29.6,16.2,22.6,15.8,67.9,0,0,0,,0,0,13,6.4,329.2,1018,32,15.8,195.8,16.8,8,10,2023-09-11T07:21:05,2023-09-11T19:57:49,0.89,Partially cloudy,Becoming cloudy in the afternoon.,partly-cloudy-day,"KFTK,KLOU,AU953,KSDF,72423093821,72424013807,72423513810"
Louisville,2023-09-12,25,18.6,21.5,25,18.6,21.5,16.5,73.8,2.938,100,4.17,rain,0,0,18.4,20.2,319.1,1016.4,72.5,16,89.9,7.7,5,10,2023-09-12T07:21:57,2023-09-12T19:56:15,0.92,"Rain, Partially cloudy",Partly cloudy throughout the day with late afternoon rain.,rain,"KFTK,KLOU,AU953,KSDF,72423093821,72424013807,72423513810"
Louisville,2023-09-13,26.4,14.2,19.9,26.4,14.2,19.9,10.9,61.4,0,0,0,,0,0,33.6,20.1,356.2,1017.9,12.8,15.9,212.2,18.5,8,10,2023-09-13T07:22:49,2023-09-13T19:54:41,0.95,Clear,Clear conditions throughout the day.,clear-day,"KFTK,KLOU,AU953,KSDF,72423093821,72424013807,72423513810"
Louisville,2023-09-14,27,12.3,19.8,26.4,12.3,19.7,9.6,55.7,0,0,0,,0,0,13,12.1,50.6,1018.7,19.1,16,191.5,16.6,8,10,2023-09-14T07:23:41,2023-09-14T19:53:06,0,Clear,Clear conditions throughout the day.,clear-day,"KFTK,KLOU,AU953,KSDF,72423093821,72424013807,72423513810"
Louisville,2023-09-15,26.7,13.8,20.1,26.3,13.8,20.1,9.9,53.9,0,0,0,,0,0,27.7,13.8,32.2,1019,1.8,15.9,209.4,18.1,8,10,2023-09-15T07:24:33,2023-09-15T19:51:32,0.02,Clear,Clear conditions throughout the day.,clear-day,"KFTK,KLOU,AU953,KSDF,72423093821,72424013807,72423513810"
Louisville,2023-09-16,27,12.3,19.5,26.6,12.3,19.4,10.7,60.5,0.272,100,8.33,rain,0,0,14.8,17.1,354,1016.6,45.2,15.6,131.8,11.4,7,10,2023-09-16T07:25:25,2023-09-16T19:49:57,0.06,"Rain, Partially cloudy",Partly cloudy throughout the day with late afternoon rain.,rain,"KFTK,KLOU,AU953,KSDF,72423093821,72424013807,72423513810"
